,smiles,This study,Metabokiller,ADMETab 3.0,CAESAR,IRFMNISSCANCGX,IRFMN,Danish (mouse),Danish (rat),Danish (rodent),Status
0,[O-][N+](=O)C([N+](=O)[O-])([N+](=O)[O-])[N+](=O)[O-],0.742188144,0.769450523,0.388642251,0.621,0,0,,,,1
1,[O-][N+](=O)c1ccc(o1)c1nnc(s1)N,0.876822148,0.584511013,0.997479379,0.937,1,1,,1,1,1
2,[O-][N+](=O)c1ccc2c(c1)Cc1c2cccc1,0.825600093,0.615982747,0.830409825,0.637,1,1,0,,,1
3,[O-][N+](=O)c1ccc2c3c1cccc3CC2,0.870899921,0.775076797,0.853745878,0.637,1,1,0,1,1,1
4,[O-][N+](=O)c1cccc2c1cccc2,0.603661634,0.728344468,0.756787002,0.466,1,1,0,0,0,0
5,[O-]/N=[N+](/c1ccccc1)\[O-].[NH4+],0.748487254,0.700402769,0.908321023,,,,,,,1
6,[O-]S(=O)(=O)c1cc(cc2c1c(N=Nc1ccc(cc1C)c1ccc(c(c1)C)N=Nc1ccc(cc1)OS(=O)(=O)c1ccc(cc1)C)c(cc2)O)S(=O)(=O)[O-].[Na+].[Na+],0.590067251,0.82405465,0.83590728,,,,1,1,1,1
7,[O-]S(=O)(=O)O.N#[N+]c1ccccc1,0.654516477,0.784909352,1,,,,,,,1
8,C[C@H]1CCCC(=O)CCC/C=C/c2c(C(=O)O1)c(O)cc(c2)O,0.568219752,0.77714724,0.163960516,0.374,1,0,1,0,1,1
9,C[N+](=C1C=CC(=C(c2ccc(cc2)N(C)C)c2ccc(cc2)N(C)C)C=C1)C.[Cl-],0.456130749,0.583812322,0.987632394,,,,0,,1,1
10,C/C=C\1/CC(=C)[C@](O)(CO)C(=O)OCC2=CCN3[C@H]2[C@H](OC1=O)CC3,0.682377234,0.719454987,0.997009993,0.973,1,0,1,1,1,1
11,C=CCN(C(=O)N)N=O,0.776929814,0.730312066,0.99341923,1,1,1,1,1,1,1
12,C=CCN(CC=C)N,0.674834799,0.775207848,0.812855542,0.498,1,1,0,,1,1
13,c1ccc2c(c1)n[nH]n2,0.407996858,0.772968398,0.398093313,0.545,0,1,,1,1,0
14,C1COC1=O,0.756478261,0.762787929,0.802315414,0.588,0,0,,1,1,1
15,CC(=O)C(C(=O)Nc1ccccc1)N=Nc1ccc(cc1Cl)c1ccc(c(c1)Cl)N=NC(C(=O)Nc1ccccc1)C(=O)C,0.248300656,0.775965807,0.028280228,0.109,1,1,,,,0
16,CC(=O)OC[C@@]1(O[C@H]2O[C@H](COC(=O)C)[C@H]([C@@H]([C@H]2OC(=O)C(C)C)OC(=O)C(C)C)OC(=O)C(C)C)O[C@@H]([C@H]([C@@H]1OC(=O)C(C)C)OC(=O)C(C)C)COC(=O)C(C)C,0.268886503,0.772960812,0.2214389,0.317,1,0,,0,,0
17,CC[N+](=NC)[O-],0.718417212,0.748404186,0.968841434,0.937,0,1,,,,1
18,CC1CC(C)(C)CC(C1)(OOC(C)(C)C)OOC(C)(C)C,0.217331612,0.613787073,0.646502733,0.213,0,1,0,,1,0
19,Cc1cc(N=Nc2c(O)ccc3c2cccc3)c(cc1Cl)S(=O)(=O)[O-].Cc1cc(N=Nc2c(O)ccc3c2cccc3)c(cc1Cl)S(=O)(=O)[O-].[Ba+2],0.465138699,0.567071257,0.7617836,,,,,,,1
20,Cc1cc(O)c2c(c1)C(=O)c1c(C2=O)c(O)cc(c1)O,0.452244365,0.686929214,0.768860817,0.987,1,1,1,0,0,0
21,CCCCCCCC/C=C\CCCCCCCC(=O)[O-].[Na+],0.19751749,0.589374394,0.155806333,,,,0,0,0,0
22,CCCCCCCCCCN(N=O)C,0.912680211,0.756738766,0.998798609,0.999,1,1,,1,1,1
23,CCCCCN(C(=O)N)N=O,0.847184614,0.788480323,0.999312878,0.965,1,1,1,1,1,1
24,CCCCNN.Cl,0.488413303,0.752076065,0.899892986,,,,,,,1
25,CCN(C(=O)/C(=C(/OP(=O)(OC)OC)\C)/Cl)CC,0.47636826,0.757676143,0.196274593,0.334,1,0,1,1,,0
26,CCN(C(=O)NCC(=O)C)N=O,0.899845571,0.79632543,0.998128355,0.871,1,1,0,1,1,1
27,CCN(CC(F)(F)F)N=O,0.803321282,0.765191535,0.996528327,0.746,1,1,0,1,1,1
28,CCN=[N+](CC)[O-],0.730541802,0.732234744,0.980057001,0.937,0,1,,,,1
29,CCn1nc(c2c1C(=NCC(=O)N2)c1ccccc1)C,0.432981531,0.64049697,0.285345554,0.964,0,0,0,0,0,1
30,CCNN.Cl,0.578211412,0.669960064,0.96753639,,,,,,,1
31,CCOP(=S)(SC1OCCOC1SP(=S)(OCC)OCC)OCC,0.233347078,0.704857575,0.011292146,0.027,0,0,,0,0,0
32,CCSCCC(C(=O)O)N,0.447945672,0.762589506,0.890572071,0.494,0,1,1,1,1,1
33,ClC#CCl,0.71065447,0.766563791,0.971405149,0.791,0,1,1,1,1,1
34,Clc1ccc(c(c1)C(=O)Nc1ccc(cc1Cl)[N+](=O)[O-])O.NCCO,0.374580255,0.786333069,0.140528053,,,,,,,0
35,ClCCN(c1ccc(cc1)CC(=O)O[C@H]1CC[C@]2(C(=CC[C@@H]3[C@@H]2CC[C@]2([C@H]3CC[C@@H]2[C@@H](CCCC(C)C)C)C)C1)C)CCCl,0.460954929,0.732516853,0.907231688,0.599,1,1,1,1,1,1
36,ClCCN(c1ccc(cc1)CC(=O)Oc1ccc2c(c1)CC[C@@H]1[C@@H]2CC[C@]2([C@H]1CC[C@@H]2OC(=O)Cc1ccc(cc1)N(CCCl)CCCl)C)CCCl,0.586550507,0.774445816,0.881651402,0.109,1,1,,,,1
37,ClCCN(P1(=O)NCCCO1)CCCl,0.854855766,0.75732125,0.999641776,0.641,1,1,0,1,1,1
38,ClCCNC(=O)N(CC(O)C)N=O,0.816614945,0.779079684,0.999330044,0.545,1,1,0,1,1,1
39,CN([C@@H]1C(=O)C(=C([C@@]2([C@H]1[C@@H](O)[C@H]1C(=C(O)c3c([C@@]1(C)O)cccc3O)C2=O)O)O)C(=O)N)C.Cl,0.210994557,0.832793176,0.214582965,,,,,,,0
40,CN([C@@H]1C(=O)C(=C([C@@]2([C@H]1C[C@H]1C(=C(O)c3c([C@@]1(C)O)cccc3O)C2=O)O)O)C(=O)N)C.Cl,0.180827456,0.78548757,0.266688287,,,,,,,0
41,CN(/N=C/CCCCC)C=O,0.674694806,0.731490589,0.841436803,0.498,1,1,,,,1
42,CN(/N=N/c1nc[nH]c1C(=O)N)C,0.802058614,0.719745751,0.993934572,0.962,0,1,,1,1,1
43,CN(c1ccc(cc1)N=NS(=O)(=O)[O-])C.[Na+],0.475286393,0.796245824,0.918815911,,,,,0,0,0
44,Cn1cnc(c1Sc1ncnc2c1[nH]cn2)[N+](=O)[O-],0.791714301,0.588135135,0.617159724,0.199,1,1,1,,,1
45,CO[P+](=O)OC,0.607303985,0.756426471,0.812713087,0.712,1,1,,1,,1
46,COC(=O)C1=C(C)NC(=C(C1c1cc(ccc1F)[N+](=O)[O-])C(=O)OCC(CN(Cc1ccccc1)C)(C)C)C.Cl,0.25465874,0.727004818,0.129294172,,,,,,,0
47,COC(=O)C1=CCCN(C1)C.Cl,0.426148999,0.733819689,0.528298259,,,,,,,1
48,COC1=CC(=O)C[C@H]([C@@]21Oc1c(C2=O)c(OC)cc(c1Cl)OC)C,0.601571228,0.759637542,0.857730329,0.481,1,0,1,1,1,1
49,COc1cc2OC(C)(C)C=Cc2c2c1c(=O)c1c(n2C)cccc1,0.707768925,0.62211811,0.86293298,0.589,1,1,,,,1
50,COc1ccc(cc1)O,0.513467075,0.718986555,0.807442963,0.78,0,0,1,,0,1
51,COP(=S)(SCn1nnc2c(c1=O)cccc2)OC,0.19509368,0.719396924,0.048883088,0.207,1,1,,,,0
52,FC=C,0.728866643,0.650131309,0.809524059,0.866,0,0,,1,1,1
53,FCCl,0.689595146,0.743510102,0.746795833,0.922,0,0,,,,1
54,N#CN=C(N)N,0.361285055,0.775484832,0.51892668,0.398,0,0,,,,0
55,N#CNC(=NC)NCCSCc1nc[nH]c1C,0.373321404,0.684908455,0.287540227,0.166,0,0,0,,,0
56,N#CNC(=NCCSCc1nc[nH]c1C)N(N=O)C,0.405574433,0.591948415,0.556487858,0.966,1,0,,,,0
57,N=C1C=CC(=C(c2ccc(cc2)N)c2ccc(cc2)N)C=C1.Cl,0.767816629,0.759849269,0.927614272,,,,,,,1
58,NC(=O)Cc1c([O-])on[n+]1Cc1ccccc1,0.494964021,0.666427934,0.935253739,0.701,0,0,1,,,1
59,NC(=O)N/N=C/c1ccc(o1)[N+](=O)[O-],0.779715247,0.582825142,0.993566334,0.536,1,0,1,1,1,1
60,NC(=O)OC=C,0.808775063,0.739103302,0.859422207,0.68,0,0,1,,1,1
61,Nc1ccc(c(c1)N)Cl,0.733969356,0.782970949,0.813967228,0.521,1,1,1,,,1
62,Nc1ccc(c(n1)N)N=Nc1ccccc1.Cl,0.609473507,0.578611457,0.930923641,,,,,,,1
63,Nc1ccc2c(c1)cccc2,0.838591714,0.431852265,0.824801981,0.353,1,1,0,,1,1
64,Nc1cccc(c1C)N.Cl.Cl,0.421895683,0.676229455,0.910031617,,,,,,,0
65,Nc1nc(C)c2c(c1)[nH]c1c2cccc1.CC(=O)O,0.824913151,0.588407446,0.847713888,,,,,,,1
66,Nc1nc(C)c2c(c1C)[nH]c1c2cccc1.CC(=O)O,0.874378321,0.624698934,0.850837708,,,,,,,1
67,Nc1ncn[nH]1,0.569254397,0.767200329,0.810720682,0.822,0,1,,,,1
68,Nc1onc(n1)/C=C/c1ccc(o1)[N+](=O)[O-],0.894414942,0.706288309,0.994221509,0.735,1,1,1,,1,1
69,NNc1ccc(nn1)N(CC(O)C)C.Cl.Cl,0.269205225,0.753927363,0.963680446,,,,,,,0
70,O=C/C=C(/CCC=C(C)C)\C,0.197633748,0.747174571,0.616449416,0.498,0,0,1,0,0,0
71,O=C1c2ccccc2C(=O)c2c1ccc(c2N)C,0.901692976,0.713148859,0.899859488,0.987,1,1,1,1,1,1
72,O=CN(/C(=C(\SC(=O)c1ccccc1)/CCOC(=O)c1ccccc1)/C)Cc1cnc(nc1N)C.Cl,0.336606352,0.819858495,0.318085074,,,,,,,0
73,O=Nc1ccccc1C,0.741650797,0.740234163,0.942967117,0.86,1,1,1,1,1,1
74,O=NN(CCCC(F)(F)F)CCCC(F)(F)F,0.831970565,0.740246225,0.999973774,0.882,1,1,,,,1
75,O=NN1CC(C)C(=O)NC1=O,0.697055119,0.619902391,0.86234808,0.376,1,1,1,1,1,0
76,O=NN1CCCCCCC1,0.979668522,0.720944658,0.990206897,0.884,1,1,1,1,1,1
77,O=NN1CCOC1=O,0.84608894,0.698544977,0.976080656,0.998,1,1,,,,1
78,OC(=O)/C=C/C(=O)O.CCN(CCCNC(=O)Cn1ncc(c1c1ccccc1)c1ccccc1)CC,0.331693135,0.752562357,0.196291491,,,,,,,0
79,OC(=O)/C=C/c1ccc(c(c1)O)O,0.537530194,0.723026333,0.178640023,0.361,0,0,1,,1,1
80,OC(=O)C[C@@H](C(=O)[O-])N.[Na+],0.154891729,0.760284329,0.120109186,,,,1,0,0,0
81,OC(=O)c1ccc(cc1N)[N+](=O)[O-],0.543145304,0.593327521,0.552832127,0.104,1,0,1,0,0,0
82,OC(=O)CC[C@@H](C(=O)[O-])N.[Na+],0.106766083,0.613224478,0.205522686,,,,1,,0,0
83,OC[C@H]1O[C@@H](O[C@@]23CC[C@@H]4[C@@](C2)(CC3=C)CC[C@H]2[C@@]4(C)CCC[C@@]2(C)C(=O)O[C@@H]2O[C@H](CO)[C@H]([C@@H]([C@H]2O)O)O)[C@@H]([C@H]([C@@H]1O)O)O[C@@H]1O[C@H](CO)[C@H]([C@@H]([C@H]1O)O)O,0.17102679,0.626085274,0.211298943,0.214,1,1,1,,,0
84,Oc1c(N=Nc2ccc(c3c2cccc3)S(=O)(=O)[O-])cc(c2c1cccc2)S(=O)(=O)[O-].[Na+].[Na+],0.289467011,0.579760985,0.642634094,,,,,,0,0
85,Oc1ccc2c(c1N=Nc1ccc(cc1)S(=O)(=O)[O-])ccc(c2)S(=O)(=O)[O-].[Na+].[Na+],0.185294769,0.596190487,0.829611361,,,,,0,0,0
86,Oc1ccc2c(c1N=Nc1ccc3c(c1S(=O)(=O)[O-])cccc3)cccc2.[Na+],0.236926325,0.583311157,0.627324402,,,,,0,0,0
87,OCC(c1ccccc1)C(=O)OC1C[C@@H]2CC[C@H](C1)N2C,0.277835705,0.753161479,0.10117723,0.599,1,0,1,0,0,0
88,OCC1COC(O1)C(I)C,0.747261565,0.685859395,0.917952478,0.729,0,0,,1,1,1
89,OCCN(C(=O)NCCCl)N=O,0.923986574,0.785217533,0.999551952,0.769,1,1,1,1,1,1
90,OCCN1C(=O)C(O)N=C(c2c1ccc(c2)Cl)c1ccccc1F,0.277846743,0.771403254,0.019934056,0.386,1,0,1,1,1,0
91,OS(=O)(=O)O.CC(Cc1ccccc1)N.CC(Cc1ccccc1)N,0.180637876,0.645904104,0.078109801,,,,,,,0
92,OS(=O)(=O)O.Nc1ccc(c(c1)C)N,0.433701784,0.760508809,0.888715148,,,,,,,0
93,S=c1sc2c([nH]1)cccc2,0.416323584,0.56625263,0.763294518,0.549,1,0,,,,1
94,S=P(N1CC1)(N1CC1)N1CC1,0.700644289,0.761391264,0.999999881,0.887,0,0,0,1,1,1
95,[O-][N+](=O)c1ccc(o1)c1cnc2n1cccc2,0.88315718,0.809299277,0.996470809,0.749,1,1,,,,1
96,[O-]/C=C/C=O.[Na+],0.479864284,0.698968418,0.744836748,,,,1,,,1
97,BrC[C@@H]([C@H]([C@@H]([C@H](CBr)O)O)O)O,0.713301059,0.751083781,0.919972956,0.498,0,1,0,1,1,1
98,C/C=C(/C(=O)O[C@@H]1CCN2[C@@H]1C(=CC2)COC(=O)C(C(O)C)(C(C)C)O)\C,0.606787935,0.757460161,0.811993957,0.996,1,0,0,1,1,1
99,C=CC1=C[C@H](C)[C@](C)(OC(=O)C)C(=O)OCC2=CC[N+]3(C2([C@H](OC1=O)CC3)[O-])C,0.581539261,0.786857252,0.991091251,0.863,1,0,,,,1
100,C=CCN(CC(=O)C)N=O,0.792169923,0.625994563,0.966956198,0.677,1,1,1,1,1,1
101,C=CCN(CC(O)C)N=O,0.670983177,0.76832334,0.998672843,0.997,1,1,,1,1,1
102,CC(=O)CN(N=O)CC(CO)O,0.713627244,0.794961529,0.982910454,1,1,1,1,1,1,1
103,CC(CC(=O)O[C@H]1C[C@@]2(COC(=O)C)[C@@H](C=C1C)O[C@H]1C3([C@]2(C)[C@H](OC(=O)C)[C@H]1O)CO3)C,0.500075611,0.740270174,0.471710771,0.608,1,1,,,,1
104,CC[C@H]1OC(=O)[C@H](C)[C@@H](O[C@@H]2O[C@@H](C)[C@@H]([C@](C2)(C)OC)O)[C@H](C)[C@@H](O[C@@H]2O[C@H](C)C[C@@H]([C@H]2O)[NH+](C)C)[C@](C[C@H](C(=O)[C@@H]([C@H]([C@]1(C)O)O)C)C)(C)O.CCCCCCCCCCCCCCCCCC(=O)[O-],0.280275997,0.761005193,0.16620025,,,,,,,0
105,Cc1cc2c([nH+]c1N)[nH]c1c2cccc1.[O-]C(=O)C,0.802559259,0.354531377,0.852780581,,,,,,,1
106,Cc1nc(nc(c1)C)c1ccc(o1)[N+](=O)[O-],0.872623885,0.709070989,0.99264878,0.538,1,1,,,,1
107,CCCC[C@@H]([C@H]([C@H](OC(=O)C[C@@H](C(=O)O)CC(=O)O)C[C@@H](C[C@H](CCCC[C@H](C[C@@H]([C@@H](N)C)O)O)O)C)OC(=O)C[C@@H](C(=O)O)CC(=O)O)C,0.445214522,0.748871597,0.046482351,0.996,1,0,,,,1
108,CCCCCCC(c1cc(cc(c1OC(=O)/C=C/C)[N+](=O)[O-])[N+](=O)[O-])C,0.400847528,0.78255728,0.247298688,0.604,1,0,,,,0
109,CCCN(C=O)N,0.688575764,0.650976248,0.742183149,0.662,1,1,,,,1
110,CCN(c1cc2oc3cc(=[N+](CC)CC)c(cc3c(c2cc1C)c1ccc(cc1S(=O)(=O)[O-])S(=O)(=O)[O-])C)CC.[Na+],0.279816064,0.790102595,0.289777249,,,,,,,0
111,CCN(CC#CC(OC(=O)C(c1ccccc1)(C1CCCCC1)O)(C)C)CC.O.Cl,0.235463118,0.74172551,0.024836393,,,,,,,0
112,CCOC(=O)c1ccccc1c1c2cc(C)c(=NCC)cc2oc2c1cc(C)c(c2)NCC.Cl,0.334274143,0.619250061,0.442345202,,,,,,,0
113,Clc1c(Cl)cc2c(c1Cl)Oc1c(O2)cc(c(c1Cl)Cl)Cl,0.666069811,0.731985882,0.851460099,0.503,0,1,,,,1
114,ClC1C2(Cl)C3C4C5C1(Cl)C(C2(Cl)C5C3C1C4O1)(Cl)Cl,0.37536615,0.691280557,0.481957316,0.131,1,1,,,,0
115,ClCCN(C(=O)N[C@H]1[C@@H](O)O[C@@H]([C@H]([C@@H]1O)O)CO)N=O,0.719527722,0.767955969,0.995956004,0.999,1,1,,,,1
116,CN(N=O)CCCO,0.946599909,0.745145828,0.99847573,1,1,1,,,,1
117,CN(N=O)CCO,0.903070554,0.710328104,0.998957753,1,1,1,,,,1
118,CN1C2CC[C@@H]1CC(C2)NC(=O)c1cc(Cl)cc2c1OC(C2)(C)C.OC(=O)/C=C\C(=O)O,0.349442236,0.755317166,0.298481137,,,,,,,0
119,CN1CC[C@H]2OC(=O)C3(O[C@@H]3C)C[C@H]([C@@](C(=O)OCC(=CC1)C2=O)(C)O)C,0.660746857,0.646086454,0.993317246,0.973,1,0,,,,1
120,CNCCc1ccc(c(c1)OC(=O)C(C)C)OC(=O)C(C)C.Cl,0.243672571,0.764590128,0.012911026,,,,,,,0
121,CO[C@H]([C@](C(O)(C)C)(C(=O)OCC1=CCN2[C@H]1[C@H](CC2)OC(=O)/C(=C\C)/C)O)C,0.635543683,0.755203603,0.907911181,0.996,1,1,,,,1
122,COc1cc(/C=N/NC(=O)c2ccncc2)ccc1O,0.531751098,0.712811696,0.767054319,0.804,1,1,,,,1
123,COc1cc(ccc1N=Nc1c(O)c2c(N)cc(cc2cc1S(=O)(=O)[O-])S(=O)(=O)[O-])c1ccc(c(c1)OC)N=Nc1c(O)c2c(N)cc(cc2cc1S(=O)(=O)[O-])S(=O)(=O)[O-].[Na+].[Na+].[Na+].[Na+],0.575478442,0.617470072,0.914426863,,,,,,,1
124,COc1cc2OC3C(c2c2c1c(=O)c1c(o2)cccc1O)C=CO3,0.798778451,0.751575785,0.973885655,0.758,1,1,,,,1
125,COc1cc2OC3C(c2c2c1c1CCC(=O)c1c(=O)o2)C=CO3,0.806018769,0.811936119,0.990551114,0.682,1,1,,,,1
126,COc1ccc(c(c1)/C=C/c1ccc(cc1)N)OC,0.65388442,0.578056635,0.87099731,0.511,1,1,,,,1
127,COP(=S)(SCCNC(=O)C)OC,0.401435522,0.730571705,0.018878561,0.02,0,1,,,,0
128,CS(=O)(=O)OCCCNCCCOS(=O)(=O)C.Cl,0.331205681,0.655507389,0.015859436,,,,,,,0
129,NC(=Nc1scc(n1)CSCCNc1nsnc1N)N,0.516470911,0.589189576,0.949762702,0.166,1,0,,,,1
130,NC(=O)CCCCn1ccc(n1)NC(=NCC(F)(F)F)N,0.634487864,0.762307729,0.863512158,0.734,0,0,,,,1
131,Nc1ccc(c(c1)S(=O)(=O)[O-])/C=C/c1ccc(cc1S(=O)(=O)[O-])N.[Na+].[Na+],0.330041776,0.662458687,0.786491573,,,,,,,0
132,Nc1ccc(cc1C)c1ccc(c(c1)C)N.Cl.Cl,0.743747788,0.638643331,0.929706812,,,,,,,1
133,NNC(Cc1ccccc1)C.Cl,0.31191921,0.747317085,0.879919171,,,,,,,0
134,O[C@@H]1[C@H](O)[C@H](O[C@H]1n1cnc2c1nc[nH]c2=O)COP(=O)([O-])[O-].[Na+].[Na+],0.224328827,0.66993358,0.43435505,,,,,,,0
135,O=C(c1ccc(cc1)OCCCCc1ccccc1)Nc1cccc2c1oc(cc2=O)c1nn[nH]n1.O=C(c1ccc(cc1)OCCCCc1ccccc1)Nc1cccc2c1oc(cc2=O)c1nn[nH]n1.O,0.25431144,0.722781985,0.076178789,,,,,,,0
136,O=C(N(C)C)Oc1cc(nn1C(C)C)C,0.325204206,0.680373151,0.765308619,0.013,0,0,,,,0
137,O=c1c(N=Nc2ccc(cc2)S(=O)(=O)[O-])c([nH]n1c1ccc(cc1)S(=O)(=O)[O-])C(=O)[O-].[Na+].[Na+].[Na+],0.25653016,0.428786533,0.834655941,,,,,,,0
138,O=C1O[C@H](CN1/N=C/c1ccc(o1)[N+](=O)[O-])CN1CCOCC1.Cl,0.767539218,0.717874522,0.998223722,,,,,,,1
139,O=CC[C@H]1C[C@@H](C)[C@@H](O)/C=C/C=C/C[C@H](OC(=O)C[C@H](C([C@H]1O[C@@H]1O[C@H](C)[C@H]([C@@H]([C@H]1O)N(C)C)O[C@@H]1O[C@@H](C)[C@H]([C@](C1)(C)O)OC(=O)CC(C)C)OC)OC(=O)C)C,0.270860546,0.723301665,0.00702759,0.458,1,0,,,,0
140,O=NN(c1ccc(cc1)/C=C/c1ccnc2c1cccc2)C,0.76581093,0.665428131,0.966132522,0.999,1,1,,,,1
141,O=NN(CC(F)(F)F)CC(F)(F)F,0.731866494,0.769761093,0.965703964,0.746,1,1,,,,0
142,O=NN(CCc1ccccc1)C,0.867054224,0.703265323,0.999874115,1,1,1,,,,1
143,O=NN1CCC[C@H]1C(=O)O,0.433802594,0.760292641,0.873495877,0.211,1,1,,,,0
144,O=NN1CCCC1c1ccc[n+](c1)[O-],0.676426366,0.751628248,0.965699196,0.999,1,1,,,,1
145,O=NN1CCCC1c1cccnc1,0.811586363,0.791662708,0.987480581,0.811,1,1,,,,1
146,OC(=O)[C@@H]1[C@H](C(=O)O)[C@@]2(C([C@@]1(Cl)C(=C2Cl)Cl)(Cl)Cl)Cl,0.575310162,0.576169849,0.730867982,0.449,1,0,,,,1
147,OC(=O)/C=C/C(=O)O.CCOC(=O)[C@@]1(CCC=C[C@H]1N(C)C)c1ccccc1,0.332525816,0.763007369,0.198270664,,,,,,,0
148,OC(=O)C(CCCOc1ccc(c(c1)c1ccccc1)OCCCC(C(=O)O)(C)C)(C)C,0.601610272,0.624244387,0.430260658,0.036,0,0,,,,1
149,OC(=O)C(O)C.O=CC[C@H]1C[C@@H](C)C(=O)/C=C/C(=C/C([C@H](OC(=O)C[C@H]([C@@H]([C@H]1O[C@@H]1O[C@H](C)[C@H]([C@@H]([C@H]1O)N(C)C)O[C@@H]1O[C@@H](C)[C@@H]([C@](C1)(C)O)O)C)O)CC)CO[C@@H]1O[C@H](C)[C@H]([C@H]([C@H]1OC)OC)O)/C,0.2755714,0.607044208,0.003892544,,,,,,,0
150,OC[C@@H](c1ccccc1)C(=O)OC1C[C@@H]2N([C@H](C1)[C@@H]1[C@H]2O1)C.O.O.O.Br,0.295437434,0.767004416,0.039878815,,,,,,,0
151,OCC1=C/C(=N/Nc2ccc(c3c2cccc3)S(=O)(=O)[O-])/C(=O)/C(=N/Nc2ccc(c3c2cccc3)S(=O)(=O)[O-])/C1=O.[Na+].[Na+],0.402160824,0.77051161,0.950983167,,,,,,,0
152,OCCN(CC(=O)C)N=O,0.885690977,0.629194023,0.996197641,0.92,1,1,,,,1
153,OCN(c1nc(nc(n1)N(CO)CO)N(CO)CO)CO,0.359015727,0.718335222,0.991179883,0.775,0,0,,,,1
154,[13C]([2H])(Cl)(Cl)Cl,0.629603874,0.774467395,0.854133368,0.745,0,1,,,,1
155,[13CH3]C=O,0.542214891,0.693455957,0.631817222,0.852,0,1,,,,1
156,[13CH3]n1[13cH]n[13c]([13c]1Sc1ncnc2c1[nH]cn2)[N+](=O)[O-],0.791714301,0.588135135,0.618882239,0.199,1,1,,,,1
157,[226Ra],0.503389562,0.673571472,0.911134958,,0,,,,,1
158,[O-][N+](=O)c1c([14CH3])c([N+](=O)[O-])c(c(c1C(C)(C)C)[N+](=O)[O-])C,0.667752015,0.715563532,0.627563477,0.229,1,0,,,,1
159,[O-][N+](=O)c1c([2H])c([2H])c2c3c1c([2H])c([2H])c1c3c(c(c2[2H])[2H])c(c(c1[2H])[2H])[2H],0.677128701,0.743448866,1.94962E-07,0.337,1,1,,,,1
160,C([2H])(C([2H])([2H])[2H])OS(=O)(=O)C,0.546675176,0.722864597,0.04270884,0.549,1,0,,,,1
161,C([2H])(C(C([2H])([2H])[2H])[N+](=O)[O-])([2H])[2H],0.672271676,0.750348909,0.003489212,0.732,0,0,,,,1
162,C([2H])(CBr)([2H])[2H],0.702692381,0.779912415,0.180248842,0.522,0,0,,,,1
163,C([2H])S(=O)(=O)OC,0.530351406,0.799966862,0.389776736,0.31,1,0,,,,1
164,C([3H])(Cl)Cl,0.834431845,0.766576839,0.872801244,0.512,0,1,,,,1
165,C(=C)([2H])C(=O)N,0.623007106,0.785599891,0.660461307,0.909,1,1,,,,1
166,C=[13CH][13CH]=C,0.816214307,0.692921156,0.544036925,0.817,0,0,,,,1
167,C1([2H])([2H])COC(C(O1)([2H])[2H])([2H])[2H],0.53742544,0.702141122,0.031480927,0.48,0,1,,,,1
168,c1([2H])c([2H])c([2H])c(c(c1[2H])[2H])c1cnc2c(c1)n(C)c(n2)N,0.644599021,0.78981699,0.010342159,0.354,1,1,,,,1
169,c1([2H])c([2H])c([2H])c(c(c1[2H])N([2H])[2H])C([2H])([2H])[2H],0.520108841,0.797532201,2.5601E-05,0.13,1,1,,,,1
170,c1([2H])c([2H])c([2H])c2c(c1[2H])c([2H])c(c(c2[2H])[2H])N,0.606717298,0.797922674,4.49813E-05,0.736,1,1,,,,1
171,c1([2H])c([2H])c(N)c2c(c1[2H])c(N)c(c(c2[2H])[2H])[2H],0.529217527,0.701439198,0.000182538,0.736,1,1,,,,1
172,c1([3H])ccc2c(c1)cccc2C,0.587741283,0.727744765,0.53433609,0.1,1,0,,,,1
173,c1ccc2c(c1)c1[13cH]cc3c4c1c(c2)[13cH]cc4ccc3,0.888194919,0.716181083,0.912096024,0.906,1,1,,,,1
174,CC(=O)ONc1nc2c(n1C)ccc1c2cccn1,0.693374935,0.651778453,0.930873752,0.655,1,1,,,,1
175,CC(OCC(OC(=O)C)C)COC(=O)C,0.412023215,0.764843614,0.522521913,0.268,0,0,,,,0
176,CC/C(=C(\c1cccc(c1)O)/c1ccc(cc1)OCCN(C)C)/c1ccccc1,0.365747678,0.682850211,0.840522349,0.07,1,1,,,,0
177,Cc1cc(ccc1N=Nc1c(O)c2c(N)cc(cc2cc1S(=O)(=O)[O-])S(=O)(=O)[O-])c1ccc(c(c1)C)N=Nc1c(O)c2c(N)cc(cc2cc1S(=O)(=O)[O-])S(=O)(=O)[O-].[Na+].[Na+].[Na+].[Na+],0.505882842,0.624393524,0.943651617,,,,,,,1
178,Cc1cccc(c1N)C([2H])([2H])[2H],0.595075001,0.810446507,0.044632524,0.299,1,0,,,,1
179,Cc1cnc2c(n1)c1nc(n(c1cc2)C)N([2H])[2H],0.533992477,0.631636217,0.380257607,0.64,1,1,,,,1
180,CCCCCCCC[C@H]1O[C@H]1CCCCCCCCCCCC(=O)O,0.287122543,0.662206387,0.22218743,0.13,1,0,,,,0
181,CCCCCCCC/C=C\CCCCCCCC(=O)OCC1OC1,0.285879557,0.597094265,0.770208299,0.13,1,0,,,,0
182,CCCCCCCCC1OC1CCCCCCCC(=O)O,0.287122543,0.662206387,0.268605381,0.13,1,0,,,,0
183,CCOS(=O)(=O)O[13CH2][13CH3],0.614015182,0.768918198,0.958897829,0.452,1,0,,,,1
184,Cl[13c]1[13c](Cl)[13c](Cl)[13c]([13c]([13c]1Cl)Cl)Cl,0.679377884,0.809498549,0.546248317,0.516,1,1,,,,1
185,ClC1(Cl)C=CC(=CC1(Cl)Cl)N=Nc1ccccc1,0.657305139,0.77423641,0.880597591,0.997,1,0,,,,1
186,ClCCN(c1c([2H])c([2H])c(c(c1[2H])[2H])C(C(CC(=O)O)([2H])[2H])([2H])[2H])CCCl,0.542856464,0.757315807,2.41432E-05,0.892,1,1,,,,1
187,COc1cc(/C=C/c2ccc(cc2)O)cc(c1)OC,0.516297062,0.654483131,0.591262162,0.511,0,1,,,,1
188,N([2H])(c1c([2H])c([2H])c(c(c1[2H])[2H])c1c([2H])c([2H])c(c(c1[2H])[2H])[2H])[2H],0.589177807,0.811063192,1.47034E-07,0.777,1,1,,,,1
189,N([2H])(c1c([2H])c([2H])c(c(c1[2H])[2H])c1ccc(c(c1[2H])[2H])N)[2H],0.67579001,0.793567938,1.99995E-05,0.265,1,1,,,,1
190,N[13c]1nc2c(n1C)ccc1c2cccn1,0.717704394,0.629958263,0.921661377,0.824,1,1,,,,1
191,Nc1c(ccc2c1cccc2)c1ccccc1,0.762078227,0.711062841,0.79172641,0.511,1,1,,,,1
192,Nc1ccc(c(n1)N)N=Nc1ccccc1,0.640091616,0.623335307,0.930923641,0.997,1,1,,,,1
193,Nc1ccc(cc1)C(=C1C=CC(=N)C(=C1)C)c1ccc(cc1)N,0.602269201,0.596278721,0.881937802,0.07,1,1,,,,1
194,Nc1ccc2c(c1)[n+](C)c1c(c2)ccc(c1)N.Cl.[Cl-],0.667044928,0.393250119,0.920429349,,,,,,,1
195,O[C@H]([C@H](C(=O)[O-])O)[C@@H]([C@@H](C(=O)[O-])O)O.O[C@H]([C@H](C(=O)[O-])O)[C@@H]([C@@H](C(=O)[O-])O)O.O[C@H]([C@H](C(=O)[O-])O)[C@@H]([C@@H](C(=O)[O-])O)O.[Fe+3].[Fe+3],0.382800579,0.780001328,0.045248128,,,,,,,0
196,O=C1C=C(Cl)C(=O)C(=C1)Cl,0.589658209,0.779560029,0.91724205,0.448,1,0,,,,1
197,O=NN1CCC=C(C1)C(=O)O,0.475249078,0.710705488,0.982509017,0.211,1,1,,,,0
198,OC[C@H]1OC([S-])[C@@H]([C@H]([C@@H]1O)O)O.[Au+],0.23056071,0.781623446,0.011073356,,,,,,,0
199,Oc1ccc(c2c1cccc2)N=Nc1ccc(cc1)S(=O)(=O)[O-].[Na+],0.456965458,0.569864415,0.8641904,,,,,,,0
200,ONc1nc2c(n1C)cc(cn2)c1c([2H])c([2H])c(c(c1[2H])[2H])[2H],0.628459847,0.801655092,0.032876488,0.354,1,1,,,,1
201,PCC(N1CCCC1=O)P,0.42538634,0.768127384,0.252017081,0.532,0,1,,,,0
202,Cc1ccc2c3c1C=Cc3c1c(c2)c2ccccc2C2C1O2,0.755254611,0.662837511,0.855999649,0.758,1,1,,,,0
203,Cc1oc2c(c1)c1oc(=O)cc(c1cc2)C,0.755922186,0.653371753,0.878735721,0.501,1,1,,,,0
204,CO[C@H](c1cc(O)c(cc1Br)Br)CC[C@@H]([C@H]1O[C@@]23CC([C@@H]1C)OC(=O)C[C@@H](OC(=O)C[C@@](O2)(O)[C@@H](CC3(C)C)C)[C@H](O)C)C,0.471732356,0.735445197,0.421609908,0.556,1,1,,,,1
205,COc1ccc(cc1)/C=C/C(=O)c1c(O)cc(cc1OC)OC,0.418431771,0.759530673,0.450801492,0.804,1,1,,,,1
206,COc1cccc2c1[nH]c(cc2=O)C(=O)O,0.358591687,0.636085824,0.584840834,0.55,1,1,,,,1
207,N#Cc1c(SCC(=O)c2cccs2)nc(cc1c1cccs1)c1cccs1,0.298597527,0.614528835,0.289202005,0.756,1,1,,,,1
208,O(CCOCC1OC1)CCOCCOCC1OC1,0.624550387,0.673580749,0.998449802,0.337,1,1,,,,0
209,O=c1cc(C)c2c(o1)c1c(C)coc1cc2,0.615941162,0.732229645,0.877439618,0.948,1,1,,,,0
210,O=C1OC(=O)[C@@]2([C@@]1(C)[C@H]1CC[C@@H]2O1)C,0.659731973,0.774869049,0.763664305,0.449,1,1,,,,0
211,OC(=O)COc1ccc(cc1C)SCc1sc(nc1C)c1ccc(cc1)C(F)(F)F,0.287333352,0.72184274,0.315214962,0.019,1,0,,,,1
