PUBCHEM_RESULT_TAG,PUBCHEM_SID,PUBCHEM_CID,SMILES,PUBCHEM_ACTIVITY_OUTCOME
1,48413140,71602,CC(=O)NNC(=O)C1=CC=NC=C1,Active
2,48413128,11074431,CC1=CC(=O)[N-]S(=O)(=O)O1.[K+],Inactive
3,48413142,8247,CC(=O)NNC1=CC=CC=C1,Active
4,48413158,457193,C[C@@H]1[C@@H](C(=O)N[C@@H](C(=O)N2CCC[C@H]2C(=O)N(CC(=O)N([C@H](C(=O)O1)C(C)C)C)C)C(C)C)NC(=O)C3=C4C(=C(C=C3)C)OC5=C(C(=O)C(=C(C5=N4)C(=O)N[C@H]6[C@H](OC(=O)[C@@H](N(C(=O)CN(C(=O)[C@@H]7CCCN7C(=O)[C@H](NC6=O)C(C)C)C)C)C(C)C)C)N)C,Active
5,48413183,5284339,C1=C(N=C(S1)N=C(N)N)CSCCNC2=NSN=C2N,Active
6,48413196,7340,CC1=CC=CC=C1N=NC2=CC(=C(C=C2)N)C,Active
7,48413134,1989,CC(=O)C1=CC=C(C=C1)S(=O)(=O)NC(=O)NC2CCCCC2,Inactive
8,48413136,6342,CC#N,Inactive
9,48413226,154914,COC1=CC=CC2=C3C(=C(C=C21)[N+](=O)[O-])C(=CC4=C3OCO4)C(=O)[O-].[Na+],Active
10,48413263,240,C1=CC=C(C=C1)C=O,Active
11,48413141,122903,CC1=CC(=O)C(C(=O)O1)C(=O)C,Inactive
12,48413265,12496962,C1=CC=C(C=C1)[N+]#N.OS(=O)(=O)[O-],Active
13,48413275,4650,C1=CC(=O)C=CC1=O,Active
14,48413147,2018,CC(=O)NC1=CC=C(C=C1)CC(=O)O,Inactive
15,48413282,7503,C1=CC=C(C=C1)CCl,Active
16,48413150,7847,C=CC=O,Inactive
17,48413151,62477,CCOC(C=C)OCC,Inactive
18,48413152,9577004,C=C/C=N/O,Inactive
19,48413291,127627,CC(C)(CCCOC1=CC(=C(C=C1)OCCCC(C)(C)C(=O)O)C2=CC=CC=C2)C(=O)O,Active
20,48413314,17449,C1=CC(=CC=C1C2=CC=C(C=C2)N=NC3=C(C4=C(C=C(C=C4C=C3S(=O)(=O)[O-])S(=O)(=O)[O-])N)O)N=NC5=C(C6=C(C=C(C=C6C=C5S(=O)(=O)[O-])S(=O)(=O)[O-])N)O.[Na+].[Na+].[Na+].[Na+],Active
21,48413155,6581,C=CC(=O)O,Inactive
22,48413317,17190,C1=CC(=C2C(=C1N)C(=O)C3=C(C=CC(=C3C2=O)N)N)N,Active
23,48413330,10898,C(CBr)O,Active
24,48413159,12364,C(CCC(=O)N)CC(=O)N,Inactive
25,48413349,93308,CCCCNN.Cl,Active
26,48413361,24962,[O-]S(=O)(=O)[O-].[Cd+2],Active
27,48413373,1548943,CC(C)/C=C/CCCCC(=O)NCC1=CC(=C(C=C1)O)OC,Active
28,48413164,,,Inactive
29,48413165,30951,C=CCOC1=C(C=C(C=C1)CC(=O)O)Cl,Inactive
30,48413166,9570071,CC(C)(/C=N/OC(=O)NC)SC,Inactive
31,48413168,23691965,CCCCCCCCCCC(C)C1=CC=C(C=C1)S(=O)(=O)[O-].[Na+],Inactive
32,48413169,62452,CCCCCCCCCC[N+](C)(C)[O-],Inactive
33,48413170,204,C1(C(=O)NC(=O)N1)NC(=O)N,Inactive
34,48413171,7858,C=CCO,Inactive
35,48413172,7850,C=CCCl,Inactive
36,48413377,61002,C1=CC=C(C=C1)NNC(=O)N,Active
37,48413401,24860539,C1[C@H]2[C@@H]([C@H]([C@@H]1Cl)Cl)[C@@]3(C(=C(C2(C3(Cl)Cl)Cl)Cl)Cl)Cl,Active
38,48413415,6945,C1=CC=C(C(=C1)[N+](=O)[O-])Cl,Active
39,48413178,24856,[O-]S(=O)(=O)[O-].[O-]S(=O)(=O)[O-].[Al+3].[K+],Inactive
40,48413423,18487,CC1=C(C=CC(=C1)Cl)N.Cl,Active
41,48413434,10522,CCOC(=O)C(C1=CC=C(C=C1)Cl)(C2=CC=C(C=C2)Cl)O,Active
42,48413440,11643,C(F)Cl,Active
43,48413456,15910,C(#N)C1=C(C(=C(C(=C1Cl)Cl)Cl)C#N)Cl,Active
44,48413457,5284365,C(CCl)N(C(=O)N[C@@H]1[C@H]([C@@H]([C@H](O[C@@H]1O)CO)O)O)N=O,Active
45,48413488,7610,CC1=C(C=CC(=C1)OC)N,Active
46,48413504,154575,COC1=C(C=C(C=C1)C(=O)NC2=C(C=NC=C2Cl)Cl)OC3CCCC3,Active
47,48413517,14410,C1(=C(C(=C(C(=C1Br)Br)Br)Br)Br)OC2=C(C(=C(C(=C2Br)Br)Br)Br)Br,Active
48,48413520,5881,C[C@]12CC[C@H]3[C@H]([C@@H]1CCC2=O)CC=C4[C@@]3(CC[C@@H](C4)O)C,Active
49,48413521,14709,CC(=O)O[C@H]1CC[C@@]2([C@H]3CC[C@]4([C@H]([C@@H]3CC=C2C1)CCC4=O)C)C,Active
50,48413528,,,Active
51,48413536,168474,C=CCNNCC=C.Cl.Cl,Active
52,48413569,11860,C1=C(C=C(C(=C1Cl)N)Cl)N,Active
53,48413576,642197,C(/C=C/CCl)Cl,Active
54,48413202,93296,C1=CC(=CC=C1N)N(CCO)CCO.OS(=O)(=O)O,Inactive
55,48413592,6564,CC(CCl)Cl,Active
56,48413598,969491,C1[C@@H]2[C@H]3[C@@H]([C@H]1[C@H]4[C@@H]2O4)[C@]5(C(=C([C@@]3(C5(Cl)Cl)Cl)Cl)Cl)Cl,Active
57,48413207,14923,[NH4+].[OH-],Inactive
58,48413209,6055,CC(CC1=CC=CC=C1)N.CC(CC1=CC=CC=C1)N.OS(=O)(=O)O,Inactive
59,48413210,23565,CC1([C@@H](N2[C@H](S1)[C@@H](C2=O)NC(=O)[C@@H](C3=CC=CC=C3)N)C(=O)O)C.O.O.O,Inactive
60,48413612,2735009,CCNC(=S)NCC,Active
61,48413214,637563,C/C=C/C1=CC=C(C=C1)OC,Inactive
62,48413215,7057995,C([C@H]([C@@H]1[C@@H]([C@@H]2[C@H](O1)O[C@@H](O2)C(Cl)(Cl)Cl)O)O)O,Inactive
63,48413216,7541,C1=CC=C(C(=C1)NC2=NC(=NC(=N2)Cl)Cl)Cl,Inactive
64,48413614,12342,C(=O)NNC=O,Active
65,48413643,11698,COP(=O)(N1CCOCC1)OC,Active
66,48413220,2734956,COC1=CC=C(C=C1)N.Cl,Inactive
67,48413221,227,C1=CC=C(C(=C1)C(=O)O)N,Inactive
68,48413222,6780,C1=CC=C2C(=C1)C(=O)C3=CC=CC=C3C2=O,Inactive
69,48413648,39371,CC[C@@H](C(C[C@H](C)N(C)C)(C1=CC=CC=C1)C2=CC=CC=C2)OC(=O)C.Cl,Active
70,48413678,8819,C1CN(CCN1N=O)N=O,Active
71,48413687,252237,CCCCCN(CCCCC)N=O,Active
72,48413695,522325,CC1=C(C(=O)N(N1C)C2=CC=CC=C2)N(C)CS(=O)(=O)[O-].[Na+],Active
73,48413721,7835,C1C(O1)CCl,Active
74,48413761,7641,CCCCC(CC)COC(=O)CCCCC(=O)OCC(CC)CCCC,Active
75,48413231,23677060,O[As](=O)(O)[O-].[Na+],Inactive
76,48413232,518605,O1[As]2O[As]3O[As]1O[As](O2)O3,Inactive
77,48413233,443495,[O-][As]=O.[Na+],Inactive
78,48413235,54670067,C([C@@H]([C@@H]1C(=C(C(=O)O1)O)O)O)O,Inactive
79,48413236,134601,COC(=O)[C@H](CC1=CC=CC=C1)NC(=O)[C@H](CC(=O)O)N,Inactive
80,48413237,2244,CC(=O)OC1=CC=CC=C1C(=O)O,Inactive
81,48413238,,,Inactive
82,48413239,2247,COC1=CC=C(C=C1)CCN2CCC(CC2)NC3=NC4=CC=CC=C4N3CC5=CC=C(C=C5)F,Inactive
83,48413240,119274,CC(C)NCC(COC1=CC=C(C=C1)CC(=O)N)O.Cl,Inactive
84,48413766,93203,CCN(C#N)N=O,Active
85,48413242,174174,CN1[C@@H]2CC[C@H]1CC(C2)OC(=O)C(CO)C3=CC=CC=C3,Inactive
86,48413786,9462,C1=CC(=CC=C1C2=CC=C(C=C2)F)N,Active
87,48413244,,,Inactive
88,48413797,12229,C(=O)NN,Active
89,48413836,3589,C1=CC(C2C1C3(C(=C(C2(C3(Cl)Cl)Cl)Cl)Cl)Cl)Cl,Active
90,48413249,65948,CC1=C(C(C(=C(N1)N)C(=O)OC2CN(C2)C(C3=CC=CC=C3)C4=CC=CC=C4)C5=CC(=CC=C5)[N+](=O)[O-])C(=O)OC(C)C,Inactive
91,48413250,33557,[N-]=[N+]=[N-].[Na+],Inactive
92,48413251,2268,COP(=S)(OC)SCN1C(=O)C2=CC=CC=C2N=N1,Inactive
93,48413840,6901,C(=C(Cl)Cl)(C(=C(Cl)Cl)Cl)Cl,Active
94,48413842,727,C1(C(C(C(C(C1Cl)Cl)Cl)Cl)Cl)Cl,Active
95,48413844,727,C1(C(C(C(C(C1Cl)Cl)Cl)Cl)Cl)Cl,Active
96,48413868,90547,C1=CC(=CC=C1C(=O)O)NN.Cl,Active
97,48413259,10980,CC(=O)[O-].CC(=O)[O-].[Ba+2],Inactive
98,48413260,5284346,O.O.[Cl-].[Cl-].[Ba+2],Inactive
99,48413888,123019,C(CN(C(=O)N)N=O)CO,Active
100,48413262,127824,C1=CC(=CC=C1C(=O)O)N=NC2=CC(=C(C=C2)O)C(=O)O,Inactive
101,48413898,5284402,CC1(C2=C(C=CC(=C2)C3=NNC(=O)CC3)NC1=O)C,Active
102,48413907,5281734,C/C=C\1/C[C@H]([C@@](C(=O)OCC2=CC[N+]3([C@H]2[C@@H](CC3)OC1=O)[O-])(CO)O)C,Active
103,48413915,55690,COC1=C(C=CC(=C1)S(=O)C)C2=NC3=C(N2)C=NC=C3,Active
104,48413935,3840,C1=C(OC=C(C1=O)O)CO,Active
105,48413949,55473,CN1C(=NC(=N1)CO)NCCCOC2=CC=CC(=C2)CN3CCCCC3,Active
106,48413950,6321389,CC1=NC=C(C=C1)CC2=CN=C(NC2=O)NCCSCC3=CC=C(O3)CN(C)C.Cl.Cl.Cl,Active
107,48413270,517055,C1=CC=C(C=C1)C(=O)[O-].[Na+],Inactive
108,48413951,30840,CC1=CC(=C2C(=C1O)C(=O)C34C5C6C(C3C(=O)C7=C(C8=C(C=C(C(=C8C(=O)C67C(C5O)C(=O)C4=C2O)O)C)O)O)O)O,Active
109,48413272,7064,C1=CC=C(C=C1)C2=NC(=NC(=N2)N)N,Inactive
110,48413274,8400,C1=CC=C(C=C1)C(C(=O)C2=CC=CC=C2)O,Inactive
111,48413983,8667,CN(C)CCN(CC1=CC=CS1)C2=CC=CC=N2.Cl,Active
112,48413276,8447,C1=CC=C2C(=C1)N=C(S2)SSC3=NC4=CC=CC=C4S3,Inactive
113,48413277,7220,C1=CC2=NNN=C2C=C1,Inactive
114,48413985,1349907,CN1C=CNC1=S,Active
115,48413993,9015,COC1=CC=C(C=C1)O,Active
116,48413999,11722,COC(=O)N,Active
117,48413281,244,C1=CC=C(C=C1)CO,Inactive
118,48414015,5284422,CN(C1=CC=C(C=C1)/C=C/C2=CC=NC3=CC=CC=C23)N=O,Active
119,48414022,13387,CN1CCCC1=O,Active
120,48413288,26077,[Be+2].[O-]S(=O)(=O)[O-],Inactive
121,48413289,5281872,CC1=C(C=CC=C1C2=CC=CC=C2)COC(=O)C3C(C3(C)C)/C=C(/C(F)(F)F)\Cl,Inactive
122,48413290,7095,C1=CC=C(C=C1)C2=CC=CC=C2,Inactive
123,48414027,9958,CC1=CC(=C(C=C1)O)O,Active
124,48414043,9323,CN[NH3+].OS(=O)(=O)[O-],Active
125,48413294,93038,CC1CC(CC(C1)(OOC(C)(C)C)OOC(C)(C)C)(C)C,Inactive
126,48413295,16682746,CCCC[Sn](CCCC)(CCCC)O[Sn](CCCC)(CCCC)CCCC,Inactive
127,48414048,421670,CN[N+](=O)[O-],Active
128,48414055,9280,COC(=O)C(C1CCCCN1)C2=CC=CC=C2.Cl,Active
129,48414068,5746,CC1=C(C(=O)C2=C(C1=O)N3C[C@H]4[C@@H]([C@@]3([C@@H]2COC(=O)N)OC)N4)N,Active
130,48414069,14802,O=[Mo](=O)=O,Active
131,48413309,560564,CN(C)C(=S)S[Bi](SC(=S)N(C)C)SC(=S)N(C)C,Inactive
132,48413311,6623,CC(C)(C1=CC=C(C=C1)O)C2=CC=C(C=C2)O,Inactive
133,48413312,17293,CC(=O)NC1=C2C(=C(C=C1)S(=O)(=O)[O-])C=C(C(=C2O)N=NC3=C4C=C(C=CC4=C(C=C3)N=NC5=CC=C(C=C5)S(=O)(=O)[O-])S(=O)(=O)[O-])S(=O)(=O)[O-].[Na+].[Na+].[Na+].[Na+],Inactive
134,48414070,14039,CC(=O)NN,Active
135,48414104,11112,C1=CC(=CN=C1)C(=O)NN,Active
136,48414136,7195,C1=CC2=C(C=C1[N+](=O)[O-])NC=N2,Active
137,48414156,11830,C1=CC2=C(C(=C1)[N+](=O)[O-])N=CC=C2,Active
138,48414160,85598,C1CN(C(=O)NC1=O)N=O,Active
139,48413318,19700,CCN(CC1=CC(=CC=C1)S(=O)(=O)[O-])C2=CC=C(C=C2)C(=C3C=CC(=[N+](CC)CC4=CC(=CC=C4)S(=O)(=O)[O-])C=C3)C5=CC=CC=C5S(=O)(=O)[O-].[Na+].[Na+],Inactive
140,48413319,2723854,C1=CC2=C(C=C1S(=O)(=O)[O-])C(=C(N2)C3=NC4=C(C3=O)C=C(C=C4)S(=O)(=O)[O-])O.[Na+].[Na+],Inactive
141,48414167,124538,CC(CN(C(=O)NCCCl)N=O)O,Active
142,48413322,36383,C1=CC(=C(C=C1N(CCO)CCO)[N+](=O)[O-])NCCO,Inactive
143,48413323,,,Inactive
144,48413324,7628,B(O)(O)O,Inactive
145,48414190,14335,C1CCN(C(C1)C2=CN=CC=C2)N=O,Active
146,48413326,105131,C(C=O)Br,Inactive
147,48414201,6838,C1=CC=C(C=C1)N(C2=CC=CC=C2)N=O,Active
148,48414205,38523,C1CCCCCCN(CCCCC1)N=O,Active
149,48414225,11957,CN(C1=CC=CC=C1)N=O,Active
150,48414243,34004,C1=C(C(=C(C(=C1Br)Br)Br)C2=C(C(=C(C(=C2Br)Br)Br)Br)Br)Br,Active
151,48414255,4594,CC1=CN=C(C(=C1OC)C)CS(=O)C2=NC3=C(N2)C=C(C=C3)OC,Active
152,48414260,132303,CNCC1=CC=C(O1)CSCCNC(=NCC(C2=CC=C(C=C2)O)O)NS(=O)(=O)C,Active
153,48413337,8005,CCCCCl,Inactive
154,48413338,6950,CCC(C)C1=C(C(=CC(=C1)[N+](=O)[O-])[N+](=O)[O-])O,Inactive
155,48414266,135720,CC(=O)CN(C(=O)NCCCl)N=O,Active
156,48413340,7184,CCCCOC(=O)C1=CC=C(C=C1)O,Inactive
157,48414267,119557,CC(=O)CN(C(=O)N)N=O,Active
158,48413342,6929,CC(C)(C)C1=CC(=CC(=C1O)C(C)(C)C)CO,Inactive
159,48414281,6419,C(C(Cl)(Cl)Cl)(Cl)Cl,Active
160,48414299,4763,CCC1(C(=O)NC(=O)NC1=O)C2=CC=CC=C2,Active
161,48414313,13297,C1=CC=C(C=C1)N=NC2=C(C=CC3=CC=CC=C32)O,Active
162,48414323,31217,C1C(O1)COC2=CC=CC=C2,Active
163,48414326,60962,C1=CC=C(C=C1)NN.Cl,Active
164,48414350,16059,CC1(COC1=O)C,Active
165,48413351,16043,CC(C)(C)C1=C(C=CC(=C1)O)O,Inactive
166,48413352,12902,CC(C)(C)C1=CC(=C(C(=C1)C(C)(C)C)O)C(C)(C)C,Inactive
167,48413354,11595,CCCCNC(=O)N,Inactive
168,48413356,7302,C1CC(=O)OC1,Inactive
169,48413357,10986,CC(=O)[O-].CC(=O)[O-].[Cd+2],Inactive
170,48414358,516893,C(=O)(O)[O-].[K+],Active
171,48413359,5284356,O.[Cl-].[Cl-].[Cd+2],Inactive
172,48413360,5284357,CCN(CC)C(=S)[S-].CCN(CC)C(=S)[S-].[Cd+2],Inactive
173,48414360,4875,[K+].[I-],Active
174,48413362,16211218,O.O.O.O.O.O.O.O.[O-]S(=O)(=O)[O-].[O-]S(=O)(=O)[O-].[O-]S(=O)(=O)[O-].[Cd+2].[Cd+2].[Cd+2],Inactive
175,48414387,13157,CCCN(C(=O)N)N=O,Active
176,48413364,2519,CN1C=NC2=C1C(=O)N(C(=O)N2C)C,Inactive
177,48413368,13144,CC(C(=O)[O-])O.CC(C(=O)[O-])O.[Ca+2],Inactive
178,48413371,2540,CCOC1=NC2=CC=CC(=C2N1CC3=CC=C(C=C3)C4=CC=CC=C4C5=NNN=N5)C(=O)OC(C)OC(=O)OC6CCCCC6,Inactive
179,48413372,7768,C1CCC(=O)NCC1,Inactive
180,48414390,92629,CC(COC(C)(C)C)O,Active
181,48414392,5284450,CCCNN.Cl,Active
182,48414401,5284451,CN(C)CCN(CC1=CC=C(C=C1)OC)C2=CC=CC=N2.C(=C\C(=O)O)\C(=O)O,Active
183,48414416,19095,CC1=CC(=C(C=C1C)N=NC2=C3C=CC(=CC3=CC(=C2O)S(=O)(=O)[O-])S(=O)(=O)[O-])C.[Na+].[Na+],Active
184,48414425,638034,CC1=C(C(CCC1)(C)C)/C=C/C(=C/C=C/C(=C/COC(=O)C)/C)/C,Active
185,48413378,8480,C1=CC(=CC=C1NC(=O)N)[As](=O)(O)O,Inactive
186,48414431,33474,CCN1C2=C(C(=N1)C)NC(=O)CN=C2C3=CC=CC=C3,Active
187,48413381,2566,CC1(CC2=C(O1)C(=CC=C2)OC(=O)NC)C,Inactive
188,48414479,5327,CC1=CC(=NC(=N1)NS(=O)(=O)C2=CC=C(C=C2)N)C,Active
189,48414506,12418,C(C(Cl)(Cl)Cl)Cl,Active
190,48413384,6488,CCC(CC)(C(=O)NC(=O)N)Br,Inactive
191,48413385,5280489,CC1=C(C(CCC1)(C)C)/C=C/C(=C/C=C/C(=C/C=C/C=C(/C=C/C=C(/C=C/C2=C(CCCC2(C)C)C)\C)\C)/C)/C,Inactive
192,48413387,,,Inactive
193,48413388,16724,CC1=CC[C@@H](CC1=O)C(=C)C,Inactive
194,48414507,6591,C(C(Cl)Cl)(Cl)Cl,Active
195,48413392,2663,CCN(CC)C(=O)NC1=CC(=C(C=C1)OCC(CNC(C)(C)C)O)C(=O)C,Inactive
196,48413393,83927,C[C@@H]1O[C@]2(CN3CCC2CC3)CS1.C[C@@H]1O[C@]2(CN3CCC2CC3)CS1.O.Cl.Cl,Inactive
197,48414554,10891,CC1=CC=C(C=C1)N.Cl,Active
198,48413398,,,Inactive
199,48413400,8371,C1(=C(C(=O)C(=C(C1=O)Cl)Cl)Cl)Cl,Inactive
200,48414557,5284469,C=C1C(C2(C(C(C1(C2(Cl)Cl)Cl)Cl)Cl)Cl)(CCl)CCl,Active
201,48414562,5546,C1=CC=C(C=C1)C2=NC3=C(N=C(N=C3N=C2N)N)N,Active
202,48414563,5558,C(Br)(Br)Br,Active
203,48413405,61532,[O-]P(=O)([O-])[O-].[O-]P(=O)([O-])[O-].[O-]P(=O)([O-])[O-].[O-]P(=O)([O-])[O-].[O-]Cl.[Na+].[Na+].[Na+].[Na+].[Na+].[Na+].[Na+].[Na+].[Na+].[Na+].[Na+].[Na+].[Na+],Inactive
204,48413406,,,Inactive
205,48413407,24526,ClCl,Inactive
206,48414568,6421,C(=O)(C(Cl)(Cl)Cl)O,Active
207,48414573,6575,C(=C(Cl)Cl)Cl,Active
208,48413412,6,C1=CC(=C(C=C1[N+](=O)[O-])[N+](=O)[O-])Cl,Inactive
209,48414582,7618,C(CO)N(CCO)CCO,Active
210,48413175,17816,CC(C)CC(=O)OCC=C,Active
211,48413243,17170,CN(C)C1=CC=C(C=C1)C(=N)C2=CC=C(C=C2)N(C)C.Cl,Active
212,48413287,84482,C1=CC=C(C=C1)C[N+]2=NOC(=C2CC(=O)N)[O-],Active
213,48413346,8456,CC(C)(C)C1=C(C=CC(=C1)OC)O,Active
214,48413390,289,C1=CC=C(C(=C1)O)O,Active
215,48413419,22584,C1=CC(=C(C=C1N)Cl)N.OS(=O)(=O)O,Inactive
216,48413420,31370,CC(CCl)O,Inactive
217,48413421,7255,CC1=C(C=C(C=C1)N)Cl,Inactive
218,48413414,11241,CC(=C)CCl,Active
219,48413426,68851,CC1=C(C(=CC=C1)NC2=CC(=NC(=N2)SCC(=O)NCCO)Cl)C,Active
220,48413444,23394,C1=CC(=CN=C1)CCl.Cl,Active
221,48413515,3035,C1=CC(=CC=C1C(=C(Cl)Cl)C2=CC=C(C=C2)Cl)Cl,Active
222,48413537,27821,C=CCN(CC=C)N=O,Active
223,48413428,10757,C1=CC=C(C=C1)C(=O)CCl,Inactive
224,48413429,8805,CC(=O)NC1=CC=C(C=C1)C(=O)CCl,Inactive
225,48413430,7812,C1=CC(=CC=C1N)Cl,Inactive
226,48413570,6597,C(C(=O)O)(Cl)Cl,Active
227,48413432,17604,C1=CC=C(C(=C1)C=C(C#N)C#N)Cl,Inactive
228,48413616,7586,C1C(O1)COC2=CC(=CC=C2)OCC3CO3,Active
229,48413436,6372,C(F)(F)Cl,Inactive
230,48413438,13836,C[N+](C)(C)CCCl.[Cl-],Inactive
231,48413734,6205,CCSCCC(C(=O)O)N,Active
232,48413738,8821,CCOC(=O)C=C,Active
233,48413762,8343,CCCCC(CC)COC(=O)C1=CC=CC=C1C(=O)OCC(CC)CCCC,Active
234,48413443,23392,C1=CC=NC(=C1)CCl.Cl,Inactive
235,48413802,7362,C1=COC(=C1)C=O,Active
236,48413445,6635,C1=CC(=CC=C1OS(=O)(=O)C2=CC=C(C=C2)Cl)Cl,Inactive
237,48413834,29575,C1=C2C(=C(C(=C1Cl)Cl)Cl)OC3=C(C(=C(C=C3O2)Cl)Cl)Cl,Active
238,48413447,119175,CC1C2=NN=C(N2C3=C(C=C(S3)CCC4=CC=C(C=C4)CC(C)C)C(=N1)C5=CC=CC=C5Cl)C,Inactive
239,48413848,637564,C/C=C/C=C/C=O,Active
240,48413449,16685,C1=CC(=CC=C1SC2=CC(=C(C=C2Cl)Cl)Cl)Cl,Inactive
241,48413450,6423,C([N+](=O)[O-])(Cl)(Cl)Cl,Inactive
242,48413893,134778,C1=CN(N=C1NC(=NCC(F)(F)F)N)CCCCC(=O)N,Active
243,48413452,31369,C=CC(=C)Cl,Inactive
244,48413910,10958,CC(C)CON=O,Active
245,48413933,299,C1(=O)C2(C3(C4(C1(C5(C2(C3(C(C45Cl)(Cl)Cl)Cl)Cl)Cl)Cl)Cl)Cl)Cl,Active
246,48413458,5284366,C[NH+](C)CCC(C1=CC=C(C=C1)Cl)C2=CC=CC=N2.C(=C\C(=O)[O-])\C(=O)O,Inactive
247,48413459,2727,CCCNC(=O)NS(=O)(=O)C1=CC=C(C=C1)Cl,Inactive
248,48413460,,,Inactive
249,48413461,6536776,C1=CC=C2C(=C1)C(=CC=C2S(=O)(=O)[O-])N/N=C\3/C=C(C(=O)/C(=N\NC4=CC=C(C5=CC=CC=C54)S(=O)(=O)[O-])/C3=O)CO.[Na+].[Na+],Inactive
250,48413462,6209,C[N+](C)(C)CCO.[Cl-],Inactive
251,48413464,14012,CC(=O)[O-].CC(=O)[O-].CC(=O)[O-].[Cr+3],Inactive
252,48413938,16717614,CC(=O)O[Pb]OC(=O)C.O.O.O.O.[Pb].[Pb],Active
253,48413466,2756,CC1=C(N=CN1)CSCCNC(=NC)NC#N,Inactive
254,48413467,637511,C1=CC=C(C=C1)/C=C/C=O,Inactive
255,48414300,23674889,CCC1(C(=O)NC(=NC1=O)[O-])C2=CC=CC=C2.[Na+],Active
256,48414304,5284441,CC(COC1=CC=CC=C1)N(CCCl)CC2=CC=CC=C2.Cl,Active
257,48413470,638011,CC(=CCC/C(=C/C=O)/C)C,Inactive
258,48414318,11990,C1=CC=C(C(=C1)N)N.Cl.Cl,Active
259,48414345,5794,CCCCOCCOCCOCC1=CC2=C(C=C1CCC)OCO2,Active
260,48413477,14992,C1=CC(=C(C=C1[N+](=O)[O-])Cl)NC(=O)C2=C(C=CC(=C2)Cl)O.C(CO)N,Inactive
261,48414352,42948,C1=C(C(=CC(=C1Br)Br)Br)C2=CC(=C(C=C2Br)Br)Br,Active
262,48413480,5284371,CN1CC[C@]23[C@@H]4[C@H]1CC5=C2C(=C(C=C5)OC)O[C@H]3[C@H](C=C4)O,Inactive
263,48413482,63257,CC1=CC2=C(C=C1)C(=NC(=O)N2C(C)C)C3=CC(=CC=C3)O,Inactive
264,48413484,472181,CN(C)C(=S)[S-].CN(C)C(=S)[S-].[Cu+2],Inactive
265,48413485,4403158,C1=CC2=C(C(=C1)O)N=CC=C2.C1=CC2=C(C(=C1)O)N=CC=C2.[Cu],Inactive
266,48413486,2871,CCOP(=S)(OCC)OC1=CC2=C(C=C1)C(=C(C(=O)O2)Cl)C,Inactive
267,48414380,2365,C1COC1=O,Active
268,48414413,19579,CC1=CC(=C(C=C1)N=NC2=C3C=C(C=CC3=CC(=C2O)S(=O)(=O)[O-])S(=O)(=O)[O-])C.[Na+].[Na+],Active
269,48414440,5144,C=CCC1=CC2=C(C=C1)OCO2,Active
270,48414453,68289,C1OC2=C(O1)C=C(C=C2)O,Active
271,48413492,,,Inactive
272,48413494,10005,C(#N)N=C(N)N,Inactive
273,48414473,7276,C1C(O1)C2=CC=CC=C2,Active
274,48413497,25051,C1=CN2[C@H]3[C@H]([C@@H]([C@H](O3)CO)O)OC2=NC1=N,Inactive
275,48413498,444041,C([C@@H]1[C@@H]2[C@@H]([C@H]([C@H](O1)O[C@@H]3[C@H](O[C@@H]([C@@H]([C@H]3O)O)O[C@@H]4[C@H](O[C@@H]([C@@H]([C@H]4O)O)O[C@@H]5[C@H](O[C@@H]([C@@H]([C@H]5O)O)O[C@@H]6[C@H](O[C@@H]([C@@H]([C@H]6O)O)O[C@@H]7[C@H](O[C@@H]([C@@H]([C@H]7O)O)O[C@@H]8[C@H](O[C@H](O2)[C@@H]([C@H]8O)O)CO)CO)CO)CO)CO)CO)O)O)O,Inactive
276,48413499,7967,C1CCC(=O)CC1,Inactive
277,48413500,7232,C1CCC(CC1)NSC2=NC3=CC=CC=C3S2,Inactive
278,48413501,2723770,C1CCC(CC1)N.Cl,Inactive
279,48413502,88275,C1CCC(CC1)N.OS(=O)(=O)O,Inactive
280,48414523,10509,C([N+](=O)[O-])([N+](=O)[O-])([N+](=O)[O-])[N+](=O)[O-],Active
281,48414529,2723949,CC(=S)N,Active
282,48413506,5284373,CC[C@H]1C(=O)N(CC(=O)N([C@H](C(=O)N[C@H](C(=O)N([C@H](C(=O)N[C@H](C(=O)N[C@@H](C(=O)N([C@H](C(=O)N([C@H](C(=O)N([C@H](C(=O)N([C@H](C(=O)N1)[C@@H]([C@H](C)C/C=C/C)O)C)C(C)C)C)CC(C)C)C)CC(C)C)C)C)C)CC(C)C)C)C(C)C)CC(C)C)C)C,Inactive
283,48414608,5284473,CC1=C2C(=C(N=C1N)C)C3=CC=CC=C3N2.CC(=O)O,Active
284,48413508,60960,C([C@@H](C(=O)O)N)S.Cl,Inactive
285,48414616,1174,C1=CNC(=O)NC1=O,Active
286,48414643,17811,CC1=CC(=C(C=C1)O)N=NC2=CC=C(C=C2)NC(=O)C,Active
287,48413185,77406,C1=C(OC(=C1)[N+](=O)[O-])C2=NN=C(O2)N,Active
288,48413186,61205,C1=C(OC(=C1)[N+](=O)[O-])C2=NN=C(S2)N,Active
289,48413513,4211,C1=CC=C(C(=C1)C(C2=CC=C(C=C2)Cl)C(Cl)Cl)Cl,Inactive
290,48413193,8486,C1=C(SC(=N1)N)[N+](=O)[O-],Active
291,48413204,17083,C(CCCCCN)CCCCC(=O)O,Active
292,48413248,2265,CN1C=NC(=C1SC2=NC=NC3=C2NC=N3)[N+](=O)[O-],Active
293,48413253,33184,CN=[N+](C)[O-],Active
294,48413518,14410,C1(=C(C(=C(C(=C1Br)Br)Br)Br)Br)OC2=C(C(=C(C(=C2Br)Br)Br)Br)Br,Inactive
295,48413254,123376,CCCN=[N+](CCC)[O-],Active
296,48413278,7367,C1=CC=C(C=C1)C(Cl)(Cl)Cl,Active
297,48413522,12594,C[C@]12CC[C@H]3[C@H]([C@@H]1CCC2=O)CC=C4[C@@]3(CC[C@@H](C4)OS(=O)(=O)O)C,Inactive
298,48413523,40585,CC1([C@H]([C@H]1C(=O)O[C@H](C#N)C2=CC(=CC=C2)OC3=CC=CC=C3)C=C(Br)Br)C,Inactive
299,48413527,,,Inactive
300,48413305,147528,C1=CC=C2C(=C1)C(=NC(=N2)C3=CC=C(S3)[N+](=O)[O-])N(CCO)CCO,Active
301,48413529,,,Inactive
302,48413530,,,Inactive
303,48413347,31404,CC1=CC(=C(C(=C1)C(C)(C)C)O)C(C)(C)C,Active
304,48413532,72884,CC(=O)NNC(=O)C,Inactive
305,48413534,8560,C=CCOC(=O)C1=CC=CC=C1C(=O)OCC=C,Inactive
306,48413446,8800,CN(C)C(=O)NC1=CC=C(C=C1)Cl,Active
307,48413448,25301,C#CC(C1=CC=CC=C1)(C2=CC=C(C=C2)Cl)OC(=O)N,Active
308,48413473,21606566,C[C@H]1/C=C(\C(=O)O[C@@H]2CC[N+]3(C2(C(=CC3)COC(=O)[C@@]1(C)OC(=O)C)[O-])C)/C=C,Active
309,48413539,5284377,C1=CC(=C(C=C1N)S(=O)(=O)[O-])/C=C/C2=C(C=C(C=C2)N)S(=O)(=O)[O-].[Na+].[Na+],Inactive
310,48413475,2796,CCOC(=O)C(C)(C)OC1=CC=C(C=C1)Cl,Active
311,48413541,10855,C1=CC(=CC=C1N)N=NC2=CC=C(C=C2)N,Inactive
312,48413542,69917,C1=CC(=CC=C1C(=O)NC2=CC=C(C=C2)N)N,Inactive
313,48413512,2955,C1=CC(=CC=C1N)S(=O)(=O)C2=CC=C(C=C2)N,Active
314,48413531,44293,CC(=O)N(C1=CC=CC2=C1CC3=CC=CC=C32)C(=O)C,Active
315,48413546,27324,CC1=C(C=CC=C1N)N.Cl.Cl,Inactive
316,48413547,22856,CC1=C(C=CC(=C1)N)N.OS(=O)(=O)O,Inactive
317,48413548,3016,CN1C(=O)CN=C(C2=C1C=CC(=C2)Cl)C3=CC=CC=C3,Inactive
318,48413549,3017,CCOP(=S)(OCC)OC1=NC(=NC(=C1)C)C(C)C,Inactive
319,48413552,9216,C1=CC=C2C(=C1)OC3=CC=CC=C3O2,Inactive
320,48413554,3036234,CC1=NC=C(C(=N1)N)CN(C=O)/C(=C(/CCOC(=O)C2=CC=CC=C2)\SC(=O)C3=CC=CC=C3)/C.Cl,Inactive
321,48413560,92352,CCCCNC(=O)N(CCCC)N=O,Active
322,48413628,13232,CC1CC(OC(O1)C)OC(=O)C,Active
323,48413641,6327114,CO[P+](=O)OC,Active
324,48413644,164530,CC1=CC(=NC(=N1)C2=CC=C(O2)[N+](=O)[O-])C,Active
325,48413559,154903,C1=CC2=C(C=C(C=C2Br)Br)N=C1,Inactive
326,48413650,5284387,CN(C)CNC1=NN=C(O1)/C=C/C2=CC=C(O2)[N+](=O)[O-],Active
327,48413561,16682740,CCCC[Sn](CCCC)(OC(=O)C)OC(=O)C,Inactive
328,48413565,2771871,C(=O)/C(=C(\C(=O)O)/Cl)/Cl,Inactive
329,48413566,16560,CC(=C)C(=O)NC1=CC(=C(C=C1)Cl)Cl,Inactive
330,48413567,8342,C1=CC=C2C(=C1)C(=O)C(=C(C2=O)Cl)Cl,Inactive
331,48413568,7430,C1=C(C=C(C(=C1Cl)N)Cl)[N+](=O)[O-],Inactive
332,48413654,5284388,CC[NH2+]C(=O)N(CCN(C)C)N=O.N(=O)[O-],Active
333,48413667,92248,CN(C)NC1=NC(=CS1)C2=CC=C(O2)[N+](=O)[O-],Active
334,48413676,41473,C1CN(CCN(C1)N=O)N=O,Active
335,48413572,7239,C1=CC=C(C(=C1)Cl)Cl,Inactive
336,48413724,7834,CCC1CO1,Active
337,48413739,702,CCO,Active
338,48413740,519246,CCN=[N+](CC)[O-],Active
339,48413578,36613,C1=CC2=C(C=C1Cl)OC3=C(O2)C=C(C=C3)Cl,Inactive
340,48413579,6391,C(F)(F)(Cl)Cl,Inactive
341,48413580,6625,C1=CC(=CC=C1S(=O)(=O)C2=CC=C(C=C2)Cl)Cl,Inactive
342,48413581,6365,CC(Cl)Cl,Inactive
343,48413741,152160,CC[N+](=NC)[O-],Active
344,48413583,8449,C1=CC(=C(C=C1Cl)Cl)O,Inactive
345,48413584,8427,CC(C(=O)O)OC1=C(C=C(C=C1)Cl)Cl,Inactive
346,48413585,97971,CC(C(=O)O)OC1=C(C=CC(=C1)Cl)Cl,Inactive
347,48413586,1486,C1=CC(=C(C=C1Cl)Cl)OCC(=O)O,Inactive
348,48413587,7206,CCCCOC(=O)COC1=C(C=C(C=C1)Cl)Cl,Inactive
349,48413588,61286,CCCCC(CC)COC(=O)COC1=C(C=C(C=C1)Cl)Cl,Inactive
350,48413589,7173,CC(C)OC(=O)COC1=C(C=C(C=C1)Cl)Cl,Inactive
351,48413590,3120,CN(C)C(=O)NC1=CC(=C(C=C1)Cl)Cl,Inactive
352,48413591,7327,C1=CC=C(C=C1)S(=O)(=O)OC2=C(C=C(C=C2)Cl)Cl,Inactive
353,48413747,135510215,CCN(C(=N)N[N+](=O)[O-])N=O,Active
354,48413784,9690,C1C2=CC=CC=C2C3=C1C=C(C=C3)NC(=O)C(F)(F)F,Active
355,48413596,727200,C1CCC(CC1)NC(=S)NC2CCCCC2,Inactive
356,48413597,6673,C1C2C3CC4C(C3C1C5C2O5)O4,Inactive
357,48413851,62361,C(N(CO)C1=NC(=NC(=N1)N(CO)CO)N(CO)CO)O,Active
358,48413599,557083,C12C3C(C4C1C5(C(C3(C4(C5(Cl)Cl)Cl)Cl)Cl)Cl)C6C2O6,Inactive
359,48413603,4284,CCN(CC)C(=O)C1=CC=CC(=C1)C,Inactive
360,48413604,2730,CCOP(=S)(OCC)OC1=NC(=C(C=C1Cl)Cl)Cl,Inactive
361,48413607,636417,CCN(CC)CC#CC(C)(C)OC(=O)C(C1CCCCC1)(C2=CC=CC=C2)O.O.Cl,Inactive
362,48413881,8512,C1=CC=C2C(=C1)C(=O)C3=C(C2=O)C(=CC=C3)O,Active
363,48413905,5284404,CN1C2=C(C3=C(C=C2)N=CC=C3)N=C1N.Cl,Active
364,48413613,3009,C(CC(C(F)F)(C(=O)O)N)CN,Inactive
365,48413919,135412163,COC1=C(C=CC(=C1)/C=N/NC(=O)C2=CC=NC=C2)O,Active
366,48413920,6544,CC1=CC(=O)CC(C1)(C)C,Active
367,48413995,4114,COC1=C2C(=CC3=C1OC=C3)C=CC(=O)O2,Active
368,48413996,152014,CCN=[N+](C)[O-],Active
369,48414003,5284417,CN1C=C(C(=O)C2=C1N=C(C=C2)/C=C/C3=CC=C(O3)[N+](=O)[O-])C(=O)[O-].[K+],Active
370,48414011,4156,COS(=O)(=O)C,Active
371,48413625,636407,C[C@H](CCC1=CC=CC=C1)NC[C@@H](C2=CC(=C(C=C2)O)C(=O)N)O.Cl,Inactive
372,48413627,3082,CNC(=O)CSP(=S)(OC)OC,Inactive
373,48414049,104856,CN(CCCC(C1=CN=CC=C1)O)N=O,Active
374,48413629,13232,CC1CC(OC(O1)C)OC(=O)C,Inactive
375,48414050,47289,CN(CCCC(=O)C1=CN=CC=C1)N=O,Active
376,48413631,5284385,COC1=CC(=C(C=C1)N)OC.Cl,Inactive
377,48414080,9595286,C1COCCN1C[C@H]2CN(C(=O)O2)/N=C/C3=CC=C(O3)[N+](=O)[O-].Cl,Active
378,48414120,118916,CC(=O)NCC1=NC(=NO1)C2=CC=C(O2)[N+](=O)[O-],Active
379,48413638,25815,CC(=O)NCCSP(=S)(OC)OC,Inactive
380,48414122,107987,C1=C(OC(=C1)[N+](=O)[O-])C2=CSC=N2,Active
381,48414142,11831,C1C2=CC=CC=C2C3=C1C=C(C=C3)[N+](=O)[O-],Active
382,48414144,9568055,C1CN(C(=O)N1)/N=C/C2=CC=C(O2)[N+](=O)[O-],Active
383,48413646,8441,COC(=O)C1=CC=C(C=C1)C(=O)OC,Inactive
384,48413647,31374,CC(=O)N(C)C,Inactive
385,48414154,21694,C1=CC2=C3C(=C1)C=CC4=C(C=CC(=C43)C=C2)[N+](=O)[O-],Active
386,48413649,14184,CCC(=O)C(CC(C)N(C)C)(C1=CC=CC=C1)C2=CC=CC=C2.Cl,Inactive
387,48414168,135654,CC(CN(CCO)N=O)O,Active
388,48413651,22499,CC1=CC(=CC(=C1N(C)C)C)O,Inactive
389,48413652,6009,CC1=C(C(=O)N(N1C)C2=CC=CC=C2)N(C)C,Inactive
390,48414174,83271,CN(CCC1=CC=CC=C1)N=O,Active
391,48414175,115083,CCCCCCCCCCCCCCN(C)N=O,Active
392,48414176,53394,CCCCCCCCCCN(C)N=O,Active
393,48413662,221511,CNC.CN(C)C(=S)S,Inactive
394,48413663,15433,CCCCCCCCCCCC[N+](C)(C)[O-],Inactive
395,48413664,6228,CN(C)C=O,Inactive
396,48414178,148247,C1COC(=O)N1N=O,Active
397,48414181,41470,C1CN(CC=C1)N=O,Active
398,48414182,54806,CCN(CC(F)(F)F)N=O,Active
399,48414185,137413,C=CCN(CC(CO)O)N=O,Active
400,48414186,124480,CC(CN(CC=C)N=O)O,Active
401,48413671,147300,CC(C)(C)C1=C(C(=CC(=C1)[N+](=O)[O-])[N+](=O)[O-])OS(=O)(=O)C,Inactive
402,48413672,5284389,CCCCCCC(C)C1=C(C(=CC(=C1)[N+](=O)[O-])[N+](=O)[O-])OC(=O)/C=C/C,Inactive
403,48414188,124479,C=CCN(CCO)N=O,Active
404,48414189,46335,CCCCCN(C(=O)OCC)N=O,Active
405,48414206,28638,CC(C(C1=CC=CC=C1)O)N(C)N=O,Active
406,48413682,8461,CC1=C(C=C(C=C1)[N+](=O)[O-])[N+](=O)[O-],Inactive
407,48414207,25418,CCN(C)N=O,Active
408,48413685,6531,CCOP(=S)(OCC)SC1C(OCCO1)SP(=S)(OCC)OCC,Inactive
409,48413686,70414,C1CCN(CC1)C(=S)SSSSSSC(=S)N2CCCCC2,Inactive
410,48414208,11977,CCN(C(=O)OCC)N=O,Active
411,48413688,8980,CN(C)CCOC(C1=CC=CC=C1)C2=CC=CC=C2.Cl,Inactive
412,48413689,6319,C1=CC=C(C=C1)NC2=CC=C(C=C2)NC3=CC=CC=C3,Inactive
413,48413690,6837,C1=CC=C(C=C1)C(C#N)C2=CC=CC=C2,Inactive
414,48413691,7597,C1=CC=C(C=C1)OC(=O)OC2=CC=CC=C2,Inactive
415,48413694,6537503,CCC(O)OC(CC)O,Inactive
416,48414210,30360,C1CCCN(CCC1)N=O,Active
417,48413696,135414245,C1=NC2=C(C(=O)N1)N=CN2[C@H]3[C@@H]([C@@H]([C@H](O3)COP(=O)([O-])[O-])O)O.[Na+].[Na+],Inactive
418,48413697,2724564,C(=S)(N)NNC(=S)N,Inactive
419,48413700,17110,CCCCCCCCCCCCN=C(N)N.CC(=O)O,Inactive
420,48413703,38668,C1=CC=C(C(=C1)C2=NC(C(=O)N(C3=C2C=C(C=C3)Cl)CCO)O)F,Inactive
421,48414217,33646,CN(CCO)N=O,Active
422,48414227,129276,CCCCCCCCCCCN(C)N=O,Active
423,48413706,,,Inactive
424,48413707,,,Inactive
425,48413708,5284392,C(CN(CC(=O)[O-])CC(=O)[O-])N(CC(=O)O)CC(=O)[O-].O.O.O.[Na+].[Na+].[Na+],Inactive
426,48413709,163838,CCO.CC1=C(C(C(=C(N1)C)P2(=O)OCC(CO2)(C)C)C3=CC(=CC=C3)[N+](=O)[O-])C(=O)OCCN(CC4=CC=CC=C4)C5=CC=CC=C5.Cl,Inactive
427,48414236,54779,CC1N(C(SC(S1)C)C)N=O,Active
428,48413713,3220,CC1=CC2=C(C(=C1)O)C(=O)C3=C(C2=O)C=C(C=C3O)O,Inactive
429,48413714,,,Inactive
430,48413715,3224,C1C2C(COS(=O)O1)C3(C(=C(C2(C3(Cl)Cl)Cl)Cl)Cl)Cl,Inactive
431,48413716,12358480,C1[C@@H]2[C@@H]3[C@H]([C@H]1[C@H]4[C@@H]2O4)[C@@]5(C(=C([C@]3(C5(Cl)Cl)Cl)Cl)Cl)Cl,Inactive
432,48413717,3226,C(C(OC(F)F)(F)F)(F)Cl,Inactive
433,48413719,6231,C[C@]12CC[C@H]3[C@H]([C@@H]1CC[C@]2(C#C)O)CCC4=C3CCC(=O)C4,Inactive
434,48413720,5359318,C[C@@H]([C@@H](C1=CC=CC=C1)O)NC.C[C@@H]([C@@H](C1=CC=CC=C1)O)NC.OS(=O)(=O)O,Inactive
435,48414238,11909,CC1=CC=CC=C1N=O,Active
436,48414264,18355,CC(=O)NC1=CC2=C(C=C1)C3=CC=CC=C3C2=O,Active
437,48413725,54680695,C([C@H]([C@@H]1C(=C(C(=O)O1)O)O)O)[O-].[Na+],Inactive
438,48413726,5284394,CCCCCCCCCCCCCCCCCC(=O)[O-].CC[C@@H]1[C@@]([C@@H]([C@H](C(=O)[C@@H](C[C@@]([C@@H]([C@H]([C@@H]([C@H](C(=O)O1)C)O[C@H]2C[C@@]([C@H]([C@@H](O2)C)O)(C)OC)C)O[C@H]3[C@@H]([C@H](C[C@H](O3)C)[NH+](C)C)O)(C)O)C)C)O)(C)O,Inactive
439,48413727,3261,C1C2=NN=CN2C3=C(C=C(C=C3)Cl)C(=N1)C4=CC=CC=C4,Inactive
440,48414273,5281034,C[C@]12CC[C@H]3[C@H]([C@@H]1CC[C@]2(C)O)CC[C@@H]4[C@@]3(C/C(=C/O)/C(=O)C4)C,Active
441,48414283,992,C1(=C(C(=C(C(=C1Cl)Cl)Cl)Cl)Cl)O,Active
442,48413737,3293,CCOC1=CC2=C(C=C1)NC(C=C2C)(C)C,Inactive
443,48414289,5284438,CCCCCNN.Cl,Active
444,48414294,2206,CC1=CC(=O)N(N1C)C2=CC=CC=C2,Active
445,48414322,61100,C1=CC=C(C=C1)CCNN.OS(=O)(=O)O,Active
446,48414414,21238,CC1=CC(=C(C=C1Cl)S(=O)(=O)[O-])N=NC2=C(C=CC3=CC=CC=C32)O.CC1=CC(=C(C=C1Cl)S(=O)(=O)[O-])N=NC2=C(C=CC3=CC=CC=C32)O.[Ba+2],Active
447,48413744,6295,CCC1=CC=C(C=C1)C(C2=CC=C(C=C2)CC)C(Cl)Cl,Inactive
448,48414470,22833294,CC1(C(=C)[C@@]2(C([C@]1(C(C2(Cl)Cl)(Cl)Cl)Cl)Cl)Cl)C,Active
449,48413746,6501,CCOC(=O)C1C(O1)(C)C2=CC=CC=C2,Inactive
450,48414487,5284460,C/C=C(\C)/C(=O)O[C@@H]1CCN2[C@@H]1C(=CC2)COC(=O)C(C(C)C)(C(C)O)O,Active
451,48414488,6321400,CC1=C[C@@H]2[C@](C[C@@H]1OC(=O)CC(C)C)([C@]3([C@@H]([C@H]([C@H](C34CO4)O2)O)OC(=O)C)C)COC(=O)C,Active
452,48413749,519829,CCN(CC)C(=S)S[Te](SC(=S)N(CC)CC)(SC(=S)N(CC)CC)SC(=S)N(CC)CC,Inactive
453,48414569,12471,C1=C(C=C(C(=C1Cl)N)Cl)Cl,Active
454,48413752,174,C(CO)O,Inactive
455,48414585,5569,CCCN(CCC)C1=C(C=C(C=C1[N+](=O)[O-])C(F)(F)F)[N+](=O)[O-],Active
456,48414633,5284479,CCN(CC1=CC(=CC=C1)S(=O)(=O)[O-])C2=CC=C(C=C2)C(=C3C=CC(=[N+](C)C)C=C3)C4=CC=C(C=C4)N(CC)CC5=CC(=CC=C5)S(=O)(=O)[O-].[Na+],Active
457,48414657,8722,CN(C)C(=S)[S-].CN(C)C(=S)[S-].[Zn+2],Active
458,48413757,8453,C1CNC(=O)N1,Inactive
459,48413758,3032297,C(CNC(=S)[S-])NC(=S)[S-].[Na+].[Na+],Inactive
460,48414665,12001,CCOC(=O)N(C)N=O,Active
461,48413127,62805,C1=CC=C2C(=C1)C3=C(N2)N=C(C=C3)N,Active
462,48413130,9548611,C/C=N/N(C)C=O,Active
463,48413139,107949,CC(=O)NNC1=CC=C(C=C1)CO,Active
464,48413149,44073,C1=CC(=C(C=C1C(F)(F)F)Cl)OC2=CC(=C(C=C2)[N+](=O)[O-])C(=O)O,Active
465,48413153,345512,CC1(C=CC2=C3C(=C(C=C2O1)OC)C(=O)C4=CC=CC=C4N3C)C,Active
466,48413769,9270,CC(=O)O[C@H]1CC[C@@H]2[C@H]3CC[C@]4([C@H]([C@@H]3CCC2=C1)CC[C@]4(C#C)OC(=O)C)C,Inactive
467,48413770,3308,CCC1=C2C(=CC=C1)C3=C(N2)C(OCC3)(CC)CC(=O)O,Inactive
468,48413772,3314,COC1=C(C=CC(=C1)CC=C)O,Inactive
469,48413773,59694,C1CC(N2C=NC=C2C1)C3=CC=C(C=C3)C#N.Cl,Inactive
470,48413774,23668198,CN(C)C1=CC=C(C=C1)N=NS(=O)(=O)[O-].[Na+],Inactive
471,48413775,3346,CC1=C(C=CC(=C1)OP(=S)(OC)OC)SC,Inactive
472,48413776,3347,CC(C)C(C1=CC=C(C=C1)Cl)C(=O)OC(C#N)C2=CC(=CC=C2)OC3=CC=CC=C3,Inactive
473,48413777,166033,[Cl-].[Cl-].[Cl-].[Fe+3],Inactive
474,48413778,5284396,C(C(=O)[O-])C(CC(=O)[O-])(C(=O)[O-])O.O.O.O.O.[Fe+3],Inactive
475,48413779,26710,CN(C)C(=S)[S-].CN(C)C(=S)[S-].CN(C)C(=S)[S-].[Fe+3],Inactive
476,48413781,41022,CC(=O)O.C1CCNC(C1)CNC(=O)C2=C(C=CC(=C2)OCC(F)(F)F)OCC(F)(F)F,Inactive
477,48413783,16562,CN(C)C(=O)NC1=CC=CC(=C1)C(F)(F)F,Inactive
478,48413154,6579,C=CC(=O)N,Active
479,48413785,5235,[F-].[Na+],Inactive
480,48413156,7855,C=CC#N,Active
481,48413176,96019,C=CCN(C(=O)N)N=O,Active
482,48413790,62857,CNCCC(C1=CC=CC=C1)OC2=CC=C(C=C2)C(F)(F)F.Cl,Inactive
483,48413177,171127,C=CCNN.Cl,Active
484,48413188,5284340,C1=C(OC(=C1)[N+](=O)[O-])/C=C/C2=NOC(=N2)N,Active
485,48413198,7102,C1=CC=C(C=C1)C2=CC=C(C=C2)N,Active
486,48413200,19405,C1=CC=C2C(=C1)C3=C(O2)C=CC(=C3)N,Active
487,48413211,82746,CCCCCN(C(=O)N)N=O,Active
488,48413218,8870,C1=CC=C(C=C1)N.Cl,Active
489,48413225,6107,CN1CCC=C(C1)C(=O)OC.Cl,Active
490,48413807,37147,CC(C)(CCCCCCC(C)(C)CO)CO,Inactive
491,48413228,63103,C1=CC(=C(C(=C1)Cl)Cl)C2=C(C=C(C=C2)Cl)Cl,Active
492,48413810,1549026,CC(=CCC/C(=C/COC(=O)C)/C)C,Inactive
493,48413811,,,Inactive
494,48413812,6466,C[C@@]12[C@H](C=C[C@@]3([C@@H]1[C@@H]([C@]45[C@H]3CC[C@](C4)(C(=C)C5)O)C(=O)O)OC2=O)O,Inactive
495,48413230,38018,C1=CC(=C(C(=C1C2=C(C(=C(C=C2)Cl)Cl)Cl)Cl)Cl)Cl,Active
496,48413241,2256,CCNC1=NC(=NC(=N1)Cl)NC(C)C,Active
497,48413817,439517,C1=CC(=CC=C1CO)NNC(=O)CC[C@@H](C(=O)O)N,Inactive
498,48413818,3485,C(CC=O)CC=O,Inactive
499,48413821,7290,C(C(CCl)O)O,Inactive
500,48413252,2272,C1=CC=C(C=C1)N=NC2=CC=CC=C2,Active
501,48413827,5284399,C[C@]12CC[C@](C[C@H]1C3=CC(=O)[C@@H]4[C@]5(CC[C@@H](C([C@@H]5CC[C@]4([C@@]3(CC2)C)C)(C)C)OC6[C@@H]([C@H]([C@@H]([C@H](O6)C(=O)[O-])O)O)O[C@@H]7[C@@H]([C@H]([C@@H]([C@H](O7)C(=O)[O-])O)O)O)C)(C)C(=O)O.[Na+].[Na+],Inactive
502,48413261,55784,CCOCCC1=C(N=C(N2C1=NC=N2)N)C3=CC=CC=C3,Active
503,48413830,16887,CCN(CC1=CC(=CC=C1)S(=O)(=O)[O-])C2=CC=C(C=C2)C(=C3C=CC(=[N+](CC)CC4=CC(=CC=C4)S(=O)(=O)[O-])C=C3)C5=C(C=C(C=C5)O)S(=O)(=O)[O-].[Na+].[Na+],Inactive
504,48413268,10754,C1=CC(=CC=C1C2=CC=C(C=C2)N)N.Cl.Cl,Active
505,48413832,,,Inactive
506,48413833,,,Inactive
507,48413279,11955,C1=CC=C(C=C1)C(=O)NN,Active
508,48413280,8785,CC(=O)OCC1=CC=CC=C1,Active
509,48413837,14276,C1CCCNCCC1,Inactive
510,48413296,7944,CC(CCl)OC(C)CCl,Active
511,48413303,5284348,C(C(CBr)Br)OP(=O)([O-])OCC(CBr)Br.C(C(CBr)Br)OP(=O)([O-])OCC(CBr)Br.[Mg+2],Active
512,48413315,17059,COC1=C(C=CC(=C1)C2=CC(=C(C=C2)N=NC3=C(C4=C(C=C(C=C4C=C3S(=O)(=O)[O-])S(=O)(=O)[O-])N)O)OC)N=NC5=C(C6=C(C=C(C=C6C=C5S(=O)(=O)[O-])S(=O)(=O)[O-])N)O.[Na+].[Na+].[Na+].[Na+],Active
513,48413334,8133,CCCCOCCO,Active
514,48413339,27690,CCCCN(C=O)N,Active
515,48413341,19665,CCCCN(CCCCO)N=O,Active
516,48413845,6478,C1(=C(C(C(=C1Cl)Cl)(Cl)Cl)Cl)Cl,Inactive
517,48413345,13362,CCCCN(C(=O)N)N=O,Active
518,48413847,3598,C1=C(C(=C(C(=C1Cl)Cl)CC2=C(C(=CC(=C2Cl)Cl)Cl)O)O)Cl,Inactive
519,48413348,23902,CCCCN(CCCC)N,Active
520,48413849,16556,CN(C)C(=O)NC1CC2CC1C3C2CCC3,Inactive
521,48413850,4101,C1N2CN3CN1CN(C2)C3,Inactive
522,48413350,156920,CCCCNNCCCC.Cl.Cl,Active
523,48413358,24633,[Cl-].[Cl-].[Cd+2],Active
524,48413376,11236,C(=O)(N)NN.Cl,Active
525,48413858,3610,CCCCCCC1=C(C=C(C=C1)O)O,Inactive
526,48413859,66091,C1=C(NC=N1)C[C@@H](C(=O)O)N.Cl,Inactive
527,48413860,,,Inactive
528,48413380,6854,C1=CC=C2C(=C1)C3=CC=CC=C3N2,Active
529,48413383,43256,C(C(=O)O)N(C(=O)N)N=O,Active
530,48413410,53665,C1(C(=C(C(=O)O1)Cl)C(Cl)Cl)O,Active
531,48413413,11241,CC(=C)CCl,Active
532,48413416,7474,C1=CC(=CC=C1[N+](=O)[O-])Cl,Active
533,48413422,7260,CC1=C(C=C(C=C1)Cl)N,Active
534,48413424,6408,C(C(F)(F)F)Cl,Active
535,48413495,23665706,C1CCC(CC1)NS(=O)(=O)[O-].[Na+],Active
536,48413872,3639,C1NC2=CC(=C(C=C2S(=O)(=O)N1)S(=O)(=O)N)Cl,Inactive
537,48413873,5754,C[C@]12CCC(=O)C=C1CC[C@@H]3[C@@H]2[C@H](C[C@]4([C@H]3CC[C@@]4(C(=O)CO)O)C)O,Inactive
538,48413507,9880,CC(=O)[C@]1(CC[C@@H]2[C@@]1(CC[C@H]3[C@H]2C=C(C4=CC(=O)[C@@H]5C[C@@H]5[C@]34C)Cl)C)OC(=O)C,Active
539,48413876,7638,C1=CC=C(C=C1)COC2=CC=C(C=C2)O,Inactive
540,48413509,23665583,COC1=CC=C(C=C1)C(=O)/C(=C\C(=O)[O-])/Br.[Na+],Active
541,48413514,6294,C1=CC(=CC=C1C(C2=CC=C(C=C2)Cl)C(Cl)Cl)Cl,Active
542,48413535,21242,C=CCN(CC=C)N,Active
543,48413615,30717,C1C2=CC=CC=C2C(=O)N3N1C(=O)C4=CC=CC=C4C3,Active
544,48413632,7069,COC1=C(C=CC(=C1)C2=CC(=C(C=C2)N=C=O)OC)N=C=O,Active
545,48413889,1923,C1=CC2=C(C(=C1)O)N=CC=C2,Inactive
546,48413668,20120,CN(C)[N+](=O)[O-],Active
547,48413705,19212,C[C@@H]([C@H]1CC[C@@]2([C@@]1(CC[C@H]3C2=CC(=O)[C@H]4[C@@]3(C[C@@H]([C@@H](C4)O)O)C)C)O)[C@@H](CCC(C)(C)O)O,Active
548,48413711,,,Active
549,48413894,5284401,CS(=O)(=O)OCCCNCCCOS(=O)(=O)C.Cl,Inactive
550,48413895,23681167,C(C(=O)O)NCC(=O)[O-].[Na+],Inactive
551,48413897,802,C1=CC=C2C(=C1)C(=CN2)CC(=O)O,Inactive
552,48413729,31586,C[C@]12CC[C@H]3[C@H]([C@@H]1CC[C@@H]2OC(=O)CC4=CC=C(C=C4)N(CCCl)CCCl)CCC5=C3C=CC(=C5)OC(=O)CC6=CC=C(C=C6)N(CCCl)CCCl,Active
553,48413745,53145,CCN(C=O)N,Active
554,48413902,6374,C(I)(I)I,Inactive
555,48413903,5284403,CCN(CC)CCCNC(=O)CN1C(=C(C=N1)C2=CC=CC=C2)C3=CC=CC=C3.C(=C/C(=O)O)\C(=O)O,Inactive
556,48413748,12967,CCN(C(=O)N)N=O,Active
557,48413754,9033,C1CN1,Active
558,48413763,29061,CCNN.Cl,Active
559,48413909,20240,CC(C)COC(=O)C1=CC=C(C=C1)O,Inactive
560,48413789,3385,C1=C(C(=O)NC(=O)N1)F,Active
561,48413912,6561,CC(C)C=O,Inactive
562,48413913,3763,C(C(F)(F)F)(OC(F)F)Cl,Inactive
563,48413914,88735,C([C@@H]1[C@H]([C@@H]([C@H]([C@H](O1)OC[C@H]([C@H]([C@@H]([C@@H](CO)O)O)O)O)O)O)O)O,Inactive
564,48413809,11057,CN(C)C1=CC=C(C=C1)C(=C2C=CC(=[N+](C)C)C=C2)C3=CC=C(C=C3)N(C)C.[Cl-],Active
565,48413828,20803,CCN(CC1=CC(=CC=C1)S(=O)(=O)[O-])C2=CC=C(C=C2)C(=C3C=CC(=[N+](CC)CC4=CC(=CC=C4)S(=O)(=O)[O-])C=C3)C5=CC=CC=C5.[Na+],Active
566,48413917,15074,C1=CN=CC=C1C(=O)N,Inactive
567,48413918,5922,C1=CN=CC=C1C(=O)O,Inactive
568,48413831,441140,C[C@@H]1CC(=O)C=C([C@]12C(=O)C3=C(O2)C(=C(C=C3OC)OC)Cl)OC,Active
569,48413843,727,C1(C(C(C(C(C1Cl)Cl)Cl)Cl)Cl)Cl,Active
570,48413853,9556443,CCCCC/C=N/N(C)C=O,Active
571,48413857,146461,CCCCCCN(C(=O)N)N=O,Active
572,48413923,3776,CC(C)O,Inactive
573,48413924,7574,CC(C)OC1=CC=C(C=C1)NC2=CC=CC=C2,Inactive
574,48413925,2728,CC(C)OC(=O)NC1=CC(=CC=C1)Cl,Inactive
575,48413926,8393,CC1=NN(C(=C1)OC(=O)N(C)C)C(C)C,Inactive
576,48413927,24685,CC(C)OC(=O)NC1=CC=CC=C1,Inactive
577,48413928,637796,C/C=C/C1=CC2=C(C=C1)OCO2,Inactive
578,48413930,5284579,C[C@@H]1C/C=C/C=C/[C@@H]([C@@H](C[C@@H]([C@@H](C([C@@H](CC(=O)O1)OC(=O)C)OC)O[C@H]2[C@@H]([C@H]([C@@H]([C@H](O2)C)O[C@H]3C[C@@]([C@@H]([C@@H](O3)C)OC(=O)CC(C)C)(C)O)N(C)C)O)CC=O)C)O,Inactive
579,48413931,5280863,C1=CC(=CC=C1C2=C(C(=O)C3=C(C=C(C=C3O2)O)O)O)O,Inactive
580,48413871,9385,C(C(F)(F)F)(Cl)Cl,Active
581,48413884,124536,CCNC(=O)N(CCO)N=O,Active
582,48413936,6321388,C/C=C(/C)\C(=O)O[C@H]1CCN2[C@@H]1C(=CC2)COC(=O)[C@]([C@H](C)OC)(C(C)(C)O)O,Active
583,48413948,53232,CC[C@H](C)C(=O)O[C@H]1C[C@H](C=C2[C@H]1[C@H]([C@H](C=C2)C)CC[C@@H]3C[C@H](CC(=O)O3)O)C,Active
584,48413939,519623,CN(C)C(=S)S[Pb]SC(=S)N(C)C,Inactive
585,48413941,5284409,CC(C)(C)NC[C@@H](COC1=CC=CC2=C1CCCC2=O)O.Cl,Inactive
586,48413943,9903,C[C@H](CCC(=O)O)[C@H]1CC[C@@H]2[C@@]1(CC[C@H]3[C@H]2CC[C@H]4[C@@]3(CC[C@H](C4)O)C)C,Inactive
587,48413944,,,Inactive
588,48413945,30667,CC(C1=NCCN1)OC2=C(C=CC=C2Cl)Cl.Cl,Inactive
589,48413946,39562,C1=CC=C2C(=C1)C(=NN2CC3=C(C=C(C=C3)Cl)Cl)C(=O)O,Inactive
590,48413947,54690031,CN1C(=C(C2=C(S1(=O)=O)C=C(S2)Cl)O)C(=O)NC3=CC=CC=N3,Inactive
591,48413964,62274,CC1=CC2=C(C=CC=N2)C3=C1N(C(=N3)N)C,Active
592,48413971,697993,C1=CC=C2C(=C1)NC(=S)S2,Active
593,48413990,22086,COC1=C(C=C2C(=C1)C3=CC=CC=C3O2)N,Active
594,48414016,44486,CN(C(=O)C1=CC=CC=C1)N=O,Active
595,48413953,643991,O.O.O.O.O.O.[Mg+2].[Cl-].[Cl-],Inactive
596,48413954,15415,CCOC(=O)CC(C(=O)OCC)SP(=O)(OC)OC,Inactive
597,48413955,4004,CCOC(=O)CC(C(=O)OCC)SP(=S)(OC)OC,Inactive
598,48413956,21954,C1=CC(=O)NNC1=O,Inactive
599,48414017,107919,CN(C(=O)NCCC[C@@H](C(=O)O)N)N=O,Active
600,48413959,177577,O.[O-]S(=O)(=O)[O-].[Mn+2],Inactive
601,48413960,150762,CC1=C(C(C(=C(N1)C)C(=O)OCCN2CCN(CC2)C(C3=CC=CC=C3)C4=CC=CC=C4)C5=CC(=CC=C5)[N+](=O)[O-])C(=O)OC.Cl.Cl,Inactive
602,48413961,6251,C([C@H]([C@H]([C@@H]([C@@H](CO)O)O)O)O)O,Inactive
603,48414026,9556442,CC(C)C/C=N/N(C)C=O,Active
604,48414033,13283,CC1=C(C=CC(=C1)CC2=CC(=C(C=C2)N)C)N,Active
605,48414052,135121,CN(C1=NC=NC2=C1N=CN2[C@H]3[C@@H]([C@@H]([C@H](O3)CO)O)O)N=O,Active
606,48413967,54677470,CC1=CN=C(S1)NC(=O)C2=C(C3=CC=CC=C3S(=O)(=O)N2C)O,Inactive
607,48414054,13543,C=CC(=O)NCO,Active
608,48413969,1254,CC1CCC(C(C1)O)C(C)C,Inactive
609,48414082,19592,CC(C)(C(=O)O)OC1=CC=C(C=C1)C2CCCC3=CC=CC=C23,Active
610,48413972,9071,C1=CC=C2C(=C1)N=C(S2)[S-].C1=CC=C2C(=C1)N=C(S2)[S-].[Zn+2],Inactive
611,48413974,667490,C1=NC2=C(N1)C(=S)N=CN2,Inactive
612,48413978,6291,C[C@]12CC[C@H]3[C@H]([C@@H]1CC[C@]2(C#C)O)CCC4=C3C=CC(=C4)OC,Inactive
613,48413980,31368,CC(=C)C#N,Inactive
614,48413981,21563,CN(C)CCN(CC1=CC=CO1)C2=CC=CC=N2,Inactive
615,48413982,10306,CN(C)CCN(CC1=CC=CS1)C2=CC=CC=C2,Inactive
616,48414083,4421,CCN1C=C(C(=O)C2=C1N=C(C=C2)C)C(=O)O,Active
617,48414111,29194,C(C(=O)[O-])N(CC(=O)[O-])CC(=O)[O-].O.[Na+].[Na+].[Na+],Active
618,48413986,876,CSCCC(C(=O)O)N,Inactive
619,48413987,126941,CN(CC1=CN=C2C(=N1)C(=NC(=N2)N)N)C3=CC=C(C=C3)C(=O)N[C@@H](CCC(=O)O)C(=O)O,Inactive
620,48413988,3036177,COC1=C(C=CC(=C1)N)N=NC2=CC=CC=C2,Inactive
621,48414112,23668193,N(=O)[O-].[Na+],Active
622,48413992,4115,COC1=CC=C(C=C1)C(C2=CC=C(C=C2)OC)C(Cl)(Cl)Cl,Inactive
623,48414130,7444,CC1=C(C=C(C=C1)[N+](=O)[O-])N,Active
624,48413994,107202,COC(C1=CC=CC=C1)C(=O)O,Inactive
625,48414158,54990,C(CC(F)(F)F)CN(CCCC(F)(F)F)N=O,Active
626,48414165,124537,C(CCl)NC(=O)N(CCO)N=O,Active
627,48413997,6323,CBr,Inactive
628,48414171,41320,CCCCCCCCCCCCN(C)N=O,Active
629,48414192,40828,CC(CN(CC(C)O)N=O)O,Active
630,48414000,80519,COC(=O)NN,Inactive
631,48414001,7204,CC1=C(C=CC(=C1)Cl)OCC(=O)O,Inactive
632,48414193,43371,CC(=O)CN(CC(=O)C)N=O,Active
633,48414198,14223,C(CO)N(CCO)N=O,Active
634,48414211,13613,C1CCCN(CC1)N=O,Active
635,48414007,5284419,C[C@H]1[C@@H]([C@H]([C@H]([C@@H](O1)OC[C@@H]2[C@H]([C@@H]([C@H]([C@@H](O2)OC3=CC(=C4C(=O)C[C@H](OC4=C3)C5=CC(=C(C=C5)OC)OC)O)O)O)O)O)O)O,Inactive
636,48414010,6658,CC(=C)C(=O)OC,Inactive
637,48414212,93239,C1C(=O)NC(=O)N1N=O,Active
638,48414218,125833,CN(CCCO)N=O,Active
639,48414219,107719,CC(CN(C)N=O)O,Active
640,48414220,104910,CC(=O)CN(C)N=O,Active
641,48414221,47919,CC1=CC=C(C=C1)S(=O)(=O)OCCN(C)N=O,Active
642,48414230,127579,C1CC(N(C1)N=O)C2=C[N+](=CC=C2)[O-],Active
643,48414021,4130,COP(=S)(OC)OC1=CC=C(C=C1)[N+](=O)[O-],Inactive
644,48414232,21845,C1CN(CCN1)N=O,Active
645,48414023,67955,CNC1=NC=NC2=C1NC=N2,Inactive
646,48414024,102175,CNC1=C2C(=NC=N1)N(C=N2)[C@H]3[C@@H]([C@@H]([C@H](O3)CO)O)O,Inactive
647,48414237,33535,C1CSCCN1N=O,Active
648,48414263,4616,C1=CC=C(C=C1)C2=NC(C(=O)NC3=C2C=C(C=C3)Cl)O,Active
649,48414029,38852,C[C@](CC1=CC(=C(C=C1)O)O)(C(=O)O)N.C[C@](CC1=CC(=C(C=C1)O)O)(C(=O)O)N.O.O.O,Inactive
650,48414030,156320,CC(C)C(=O)OC1=C(C=C(C=C1)CCNC)OC(=O)C(C)C.Cl,Inactive
651,48414271,83700,C1COCCN1C(=S)SN2CCOCC2,Active
652,48414284,992,C1(=C(C(=C(C(=C1Cl)Cl)Cl)Cl)Cl)O,Active
653,48414287,9570634,CCCC/C=N/N(C)C=O,Active
654,48414292,5284440,C[C@@H]1CC2([C@H](O2)C)C(=O)O[C@@H]3CCN(C/C=C(\C3=O)/COC(=O)[C@]1(C)O)C,Active
655,48414036,8398,CC1=CC(=C(C(=C1)C(C)(C)C)O)CC2=C(C(=CC(=C2)C)C(C)(C)C)O,Inactive
656,48414331,23675735,C1=CC=C(C=C1)C2=CC=CC=C2[O-].[Na+],Active
657,48414370,4909,CCC1(C(=O)NCNC1=O)C2=CC=CC=C2,Active
658,48414378,14264,C1COS(=O)(=O)C1,Active
659,48414383,53657,CCCN(C=O)N,Active
660,48414403,5280343,C1=CC(=C(C=C1C2=C(C(=O)C3=C(C=C(C=C3O2)O)O)O)O)O,Active
661,48414409,22960,CC1=CC=C(C=C1)S(=O)(=O)OC2=CC=C(C=C2)N=NC3=C(C=C(C=C3)C4=CC(=C(C=C4)N=NC5=C(C=CC6=CC(=CC(=C65)S(=O)(=O)[O-])S(=O)(=O)[O-])O)C)C.[Na+].[Na+],Active
662,48414046,7002,CC1=CC=CC2=CC=CC=C12,Inactive
663,48414047,7055,CC1=CC2=CC=CC=C2C=C1,Inactive
664,48414549,1140,CC1=CC=CC=C1,Active
665,48414570,6574,C(C(Cl)Cl)Cl,Active
666,48414575,8607,C1=CC=C2C(=C1)C(=O)N(C2=O)SC(Cl)(Cl)Cl,Active
667,48414595,62329,CC1=C(C(=C(C(=C1[N+](=O)[O-])C(C)(C)C)[N+](=O)[O-])C)[N+](=O)[O-],Active
668,48414597,4510,C(C(CO[N+](=O)[O-])O[N+](=O)[O-])O[N+](=O)[O-],Active
669,48414604,26177,C(C(CCl)OP(=O)(OC(CCl)CCl)OC(CCl)CCl)Cl,Active
670,48414056,7059,CC1=CC2=C(C=C1)N=CC=C2,Inactive
671,48414057,11910,CC1=C2C(=CC=C1)C=CC=N2,Inactive
672,48414058,12161,CC1=CC=C(C=C1)C=C,Inactive
673,48414060,22047,CC1=CC2=C(C=C1)SC3=CC=CC=C3N=C2N4CCN(CC4)C,Inactive
674,48414061,5284484,C(CNC(=S)[S-])NC(=S)[S-].[Zn+2],Inactive
675,48414624,11641,C=CBr,Active
676,48414063,9414,CC1=CC(=CC(=C1N(C)C)C)OC(=O)NC,Inactive
677,48414625,27492,C=COC(=O)N,Active
678,48414630,6366,C=C(Cl)Cl,Active
679,48414067,5282381,CCCCC(C)(C/C=C/[C@H]1[C@@H](CC(=O)[C@@H]1CCCCCCC(=O)OC)O)O,Inactive
680,48414632,6917,C=CN1CCCC1=O,Active
681,48414639,7929,CC1=CC(=CC=C1)C,Active
682,48414653,5281576,C[C@H]1CCCC(=O)CCC/C=C/C2=C(C(=CC(=C2)O)O)C(=O)O1,Active
683,48414071,300,C(C(=O)O)Cl,Inactive
684,48414073,8948,C[As](=O)(O)O,Inactive
685,48414075,23672344,C([C@@H](C(=O)[O-])N)C(=O)O.[Na+],Inactive
686,48414077,23672308,C(CC(=O)O)[C@@H](C(=O)[O-])N.[Na+],Inactive
687,48414078,23690498,C(CC(=O)[O-])C(=O)O.[Na+],Inactive
688,48414662,146842,CN(C)CCN(C)N=O,Active
689,48414663,15081,CC1CN(CC(O1)C)N=O,Active
690,48414666,114957,C1COCN1N=O,Active
691,48414667,96395,C1=CC=C(C=C1)CCN(C(=O)N)N=O,Active
692,48414085,6861,C1=CC=C2C(=C1)C=CC=C2CC(=O)N,Inactive
693,48414086,6862,C1=CC=C2C(=C1)C=CC=C2CC(=O)O,Inactive
694,48413129,177,CC=O,Active
695,48414088,15106,C1=CC=C2C(=C1)C=CC=C2NCCN.Cl.Cl,Inactive
696,48414089,7142,C1=CC=C2C=C(C=CC2=C1)NC3=CC=C(C=C3)NC4=CC5=CC=CC=C5C=C4,Inactive
697,48414090,736366,C1=CC=C2C(=C1)C=CC=C2NC(=S)N,Inactive
698,48413132,178,CC(=O)N,Active
699,48414093,6670,C1=CC=C2C(=C1)C=CC(=C2S(=O)(=O)O)N,Inactive
700,48414094,71157,CC1=C(C(=CC=C1)C)NC(=O)CN2CCCC2=O,Inactive
701,48414095,,,Inactive
702,48414096,935,[Ni],Inactive
703,48414097,9756,CC(=O)[O-].CC(=O)[O-].[Ni+2],Inactive
704,48414098,4523766,CCCCN(CCCC)C(=S)[S-].CCCCN(CCCC)C(=S)[S-].[Ni+2],Inactive
705,48414099,5284429,O.O.O.O.O.O.[O-]S(=O)(=O)[O-].[Ni+2],Inactive
706,48414100,936,C1=CC(=CN=C1)C(=O)N,Inactive
707,48414101,89594,CN1CCC[C@H]1C2=CN=CC=C2,Inactive
708,48414102,5284430,CN1CCC[C@H]1C2=CN=CC=C2.Cl,Inactive
709,48414103,938,C1=CC(=CN=C1)C(=O)O,Inactive
710,48413133,1983,CC(=O)NC1=CC=C(C=C1)O,Active
711,48414105,,,Inactive
712,48413145,5897,CC(=O)NC1=CC2=C(C=C1)C3=CC=CC=C3C2,Active
713,48414108,24268,[N+](=O)([O-])[O-].[Na+],Inactive
714,48413160,5280707,C1=COC(=C1)/C(=C/C2=CC=C(O2)[N+](=O)[O-])/C(=O)N,Active
715,48413162,14403,COC1=C2C3=C(C(=O)CC3)C(=O)OC2=C4C5C=COC5OC4=C1,Active
716,48413179,6681,C1=CC=C2C(=C1)C(=O)C3=C(C2=O)C(=C(C=C3Br)Br)N,Active
717,48413181,62130,CCN1C2=C(C=C(C=C2)N)C3=CC=CC=C31.Cl,Active
718,48413182,8588,CCN1C2=C(C=C(C=C2)N)C3=CC=CC=C31,Active
719,48413184,6702,CC1=C(C2=C(C=C1)C(=O)C3=CC=CC=C3C2=O)N,Active
720,48413195,8341,C1=CC=C2C(=C1)C(=O)C3=C(C2=O)C=C(C=C3)N,Active
721,48413203,1639,C1=NNC(=N1)N,Active
722,48413219,8638,COC1=CC=CC=C1N.Cl,Active
723,48413229,40470,C1=CC(=C(C(=C1)Cl)Cl)C2=C(C(=C(C=C2)Cl)Cl)Cl,Active
724,48413245,9444,C1=NC(=NC(=O)N1[C@H]2[C@@H]([C@@H]([C@H](O2)CO)O)O)N,Active
725,48413264,241,C1=CC=CC=C1,Active
726,48414127,5104,C1=CC(=C(C=C1[As](=O)(O)O)[N+](=O)[O-])O,Inactive
727,48414129,5111791,C1=CC(=C(C=C1[N+](=O)[O-])N)N,Inactive
728,48413269,2336,C1=CC=C2C3=C4C(=CC2=C1)C=CC5=C4C(=CC=C5)C=C3,Active
729,48413271,9223,C1=CC=C2C(=C1)C=CO2,Active
730,48414132,7475,C1=CC(=CC=C1N)[N+](=O)[O-],Inactive
731,48413293,18692,C(C(CO)(CBr)CBr)O,Active
732,48414134,12076,C1=CC(=C(C=C1[N+](=O)[O-])N)C(=O)O,Inactive
733,48413302,10967,C(OCCl)Cl,Active
734,48413313,5284349,C1=CC=C(C=C1)N=NC2=C(C3=C(C(=C(C=C3C=C2S(=O)(=O)[O-])S(=O)(=O)[O-])N=NC4=CC=C(C=C4)C5=CC=C(C=C5)N=NC6=C(C=C(C=C6)N)N)N)O.[Na+].[Na+],Active
735,48414140,6587,CC[N+](=O)[O-],Inactive
736,48413316,34237,C1=CC(=C(C=C1C2=CC(=C(C=C2)N=NC3=C(C4=C(C=C(C=C4C=C3S(=O)(=O)[O-])S(=O)(=O)[O-])N)O)O)O)N=NC5=C(C6=C(C=C(C=C6C=C5S(=O)(=O)[O-])S(=O)(=O)[O-])N)O.[Na+].[Na+].[Na+].[Na+].[Cu].[Cu],Active
737,48413320,17734,CNC1=C(C=C(C=C1)N(CCO)CCO)[N+](=O)[O-],Active
738,48413325,23673461,[O-]Br(=O)=O.[K+],Active
739,48413328,6359,C(Cl)(Cl)Br,Active
740,48413329,6332,CCBr,Active
741,48414149,6849,C1=CC=C2C(=C1)C=CC=C2[N+](=O)[O-],Inactive
742,48414151,7903,CCC[N+](=O)[O-],Inactive
743,48414152,398,CC(C)[N+](=O)[O-],Inactive
744,48414153,1678,C(C[N+](=O)[O-])C(=O)O,Inactive
745,48413333,7845,C=CC=C,Active
746,48414155,11945,C1=CC2=C(C=CC(=C2)[N+](=O)[O-])N=C1,Inactive
747,48413335,6386,CC(C)(C)O,Active
748,48413363,689043,C1=CC(=C(C=C1/C=C/C(=O)O)O)O,Active
749,48414159,124937,CC1CN(C(=O)NC1=O)N=O,Inactive
750,48413374,17038,C1C=CCC2C1C(=O)N(C2=O)SC(C(Cl)Cl)(Cl)Cl,Active
751,48413375,8606,C1C=CCC2C1C(=O)N(C2=O)SC(Cl)(Cl)Cl,Active
752,48413382,5943,C(Cl)(Cl)(Cl)Cl,Active
753,48413397,2708,C1=CC(=CC=C1CCCC(=O)O)N(CCCl)CCCl,Active
754,48413402,24860540,[C@@H]1([C@H]([C@@]2(C(=C([C@]1(C2(Cl)Cl)Cl)Cl)Cl)Cl)C(=O)O)C(=O)O,Active
755,48413403,5284361,CCC(CCC(C(CC(C(C(CCl)Cl)Cl)Cl)Cl)Cl)Cl,Active
756,48413409,7578,C1=CC(=CC=C1N)OC2=CC=C(C=C2)Cl,Active
757,48413417,21209,C1=CC(=C(C=C1N)N)Cl,Active
758,48413418,7263,C1=CC(=C(C=C1Cl)N)N,Active
759,48413441,6212,C(Cl)(Cl)Cl,Active
760,48413451,31369,C=CC(=C)Cl,Active
761,48413468,5284369,C1=CC=C(C=C1)/C=C/COC(=O)C2=CC=CC=C2N,Active
762,48413469,2763,CC(C)(C(=O)O)OC1=CC=C(C=C1)C2CC2(Cl)Cl,Active
763,48413479,61444,O.O.O.O.O.O.O.[O-]S(=O)(=O)[O-].[Co+2],Active
764,48413487,323,C1=CC=C2C(=C1)C=CC(=O)O2,Active
765,48413489,8445,CC1=CC(=C(C=C1)OC)N,Active
766,48413491,135465076,C1=CC=C(C=C1)/[N+](=N/[O-])/[O-].[NH4+],Active
767,48413505,2907,C1CNP(=O)(OC1)N(CCCl)CCCl,Active
768,48413510,135398738,CN(C)/N=N/C1=C(NC=N1)C(=O)N,Active
769,48413511,15331,CN(C)NC(=O)CCC(=O)O,Active
770,48413516,3036,C1=CC(=CC=C1C(C2=CC=C(C=C2)Cl)C(Cl)(Cl)Cl)Cl,Active
771,48413540,38221,COC1=C(C=C(C=C1)N)N.OS(=O)(=O)O,Active
772,48413544,7261,CC1=C(C=C(C=C1)N)N,Active
773,48413545,71557,CC1=C(C=C(C=C1)N)N.Cl.Cl,Active
774,48414194,12267,C(C(F)(F)F)N(CC(F)(F)F)N=O,Inactive
775,48414195,40094,CN(C1=NC2=C(C=C(C=C2)Cl)C(=[N+](C1)[O-])C3=CC=CC=C3)N=O,Inactive
776,48414196,52445,CC1=C(N=CN1)CSCCN=C(NC#N)N(C)N=O,Inactive
777,48413555,7280,C(C(CBr)Br)Cl,Active
778,48413556,5284380,C([C@H]([C@@H]([C@@H]([C@H](CBr)O)O)O)O)Br,Active
779,48413557,7839,C(CBr)Br,Active
780,48413558,5284381,C([C@@H]([C@H]([C@@H]([C@H](CBr)O)O)O)O)Br,Active
781,48413571,24227,C(#CCl)Cl,Active
782,48413573,4685,C1=CC(=CC=C1Cl)Cl,Active
783,48413574,7070,C1=CC(=C(C=C1C2=CC(=C(C=C2)N)Cl)Cl)N,Active
784,48413582,11,C(CCl)Cl,Active
785,48413593,3039,COP(=O)(OC)OC=C(Cl)Cl,Active
786,48413611,448537,CC/C(=C(/CC)\C1=CC=C(C=C1)O)/C2=CC=C(C=C2)O,Active
787,48413620,660,C1CC(=O)OC2=CC=CC=C21,Active
788,48413621,7197,CCCC1=CC2=C(C=C1)OCO2,Active
789,48413624,590836,CC(C)CCCCCCOC(=O)C1=CC=CC=C1C(=O)OCCCCCCC(C)C,Active
790,48413633,62311,COC1=C(C=CC(=C1)C2=CC(=C(C=C2)N)OC)N.Cl.Cl,Active
791,48414213,61873,C1[C@H](CN([C@@H]1C(=O)O)N=O)O,Inactive
792,48414214,32784,C(C(=O)O)N(CC(=O)O)N=O,Inactive
793,48413660,108938,CC1=C(C=CC(=C1)C2=CC(=C(C=C2)N)C)N.Cl.Cl,Active
794,48413661,6598,CN(C)C(=O)Cl,Active
795,48413665,5976,CN(C)N,Active
796,48413666,9380,CNNC.Cl.Cl,Active
797,48413670,10555,CC(=CCl)C,Active
798,48413681,8461,CC1=C(C=C(C=C1)[N+](=O)[O-])[N+](=O)[O-],Active
799,48413684,31275,C1COCCO1,Active
800,48414226,41474,COC(=O)C(C1CCCCN1N=O)C2=CC=CC=C2,Inactive
801,48413704,11224,CC(C1=CC=CC=C1)(C2=CC=CC=N2)OCCN(C)C.C(CC(=O)O)C(=O)O,Active
802,48413751,7500,CCC1=CC=CC=C1,Active
803,48413755,6354,C1CO1,Active
804,48413756,2723650,C1CNC(=S)N1,Active
805,48414231,20614,C1CCN(C(C1)C(=O)O)N=O,Inactive
806,48413764,124535,CCN(C(=O)NCCO)N=O,Active
807,48413765,154041,CCN(C(=O)NCC(=O)C)N=O,Active
808,48414234,10419304,C1C[C@H](N(C1)N=O)C(=O)O,Inactive
809,48413792,712,C=O,Active
810,48413795,3607071,C1=C(OC(=C1)[N+](=O)[O-])C2=CSC(=N2)NNC=O,Active
811,48413799,62314,CCCC[C@H](C)[C@H]([C@@H](C[C@H](C)C[C@H](CCCC[C@H](C[C@@H]([C@H](C)N)O)O)O)OC(=O)C[C@H](CC(=O)O)C(=O)O)OC(=O)C[C@H](CC(=O)O)C(=O)O,Active
812,48413801,8029,C1=COC=C1,Active
813,48413813,49971,CC1=CC=CN2C1=NC3=C2N=C(C=C3)N,Active
814,48414241,948,[N-]=[N+]=O,Inactive
815,48413814,49970,C1=CC2=NC3=C(N2C=C1)N=C(C=C3)N,Active
816,48414244,6231,C[C@]12CC[C@H]3[C@H]([C@@H]1CC[C@]2(C#C)O)CCC4=C3CCC(=O)C4,Inactive
817,48413823,11164,C1C(O1)CO,Active
818,48414247,7187,C1=CC=C(C=C1)C(=O)OOC(=O)C2=CC=CC=C2,Inactive
819,48413839,8370,C1(=C(C(=C(C(=C1Cl)Cl)Cl)Cl)Cl)Cl,Active
820,48414249,34466,C1(=C(C(=C(C(=C1Cl)Cl)Cl)Cl)Cl)C(=C(Cl)Cl)Cl,Inactive
821,48414252,23665730,CCCCCCCC/C=C\CCCCCCCC(=O)[O-].[Na+],Inactive
822,48414253,,,Inactive
823,48414254,47318,CC1=C(SSC1=S)C2=NC=CN=C2,Inactive
824,48413846,6214,C(C(Cl)(Cl)Cl)(Cl)(Cl)Cl,Active
825,48414257,16015,C1=CC=C(C=C1)N=NC2=C(C=CC3=CC(=CC(=C32)S(=O)(=O)[O-])S(=O)(=O)[O-])O.[Na+].[Na+],Inactive
826,48414259,5282164,C[C@H](CCC=C(C)C)[C@H]1CC[C@@]2([C@@]1(CC[C@]34[C@H]2CC[C@@H]5[C@]3(C4)CC[C@@H](C5(C)C)OC(=O)/C=C/C6=CC(=C(C=C6)O)OC)C)C,Inactive
827,48413861,9321,NN,Active
828,48414262,9595287,CNC(=O)O/N=C(/C(=O)N(C)C)\SC,Inactive
829,48413862,24842,NN.OS(=O)(=O)O,Active
830,48413869,31222,C1=CC=C(C=C1)NNC2=CC=CC=C2,Active
831,48413875,785,C1=CC(=CC=C1O)O,Active
832,48413878,5896,CC(=O)N(C1=CC2=C(C=C1)C3=CC=CC=C3C2)O,Active
833,48414269,71172,CC(C)NCC(COC1=CC=CC=C1OCC=C)O.Cl,Inactive
834,48413885,83695,C(CO)N(C(=O)N)N=O,Active
835,48413890,21268,C=CC(C1=CC2=C(C=C1)OCO2)O,Active
836,48414272,7619,C1COCCN1SC2=NC3=CC=CC=C3S2,Inactive
837,48413900,21852,CC(C1OCC(O1)CO)I,Active
838,48414274,54680782,C[C@@]1([C@H]2[C@@H]([C@H]3[C@@H](C(=O)C(=C([C@]3(C(=O)C2=C(C4=C1C=CC=C4O)O)O)O)C(=O)N)N(C)C)O)O.Cl,Inactive
839,48414276,119153,CC1=C(C(C(=C(N1)C)C(=O)OCC(C)(C)CN(C)CC2=CC=CC=C2)C3=C(C=CC(=C3)[N+](=O)[O-])F)C(=O)OC.Cl,Inactive
840,48414277,991,CCOP(=S)(OCC)OC1=CC=C(C=C1)[N+](=O)[O-],Inactive
841,48414279,23676814,CC1([C@@H](N2[C@H](S1)[C@@H](C2=O)NC(=O)COC3=CC=CC=C3)C(=O)[O-])C.[K+],Inactive
842,48413904,53462,CN1C2=C(C3=C(C=C2)N=CC=C3)N=C1N,Active
843,48413916,3767,C1=CN=CC=C1C(=O)NN,Active
844,48413921,3690,C1CN(P(=O)(OC1)NCCCl)CCCl,Active
845,48413922,6557,CC(=C)C=C,Active
846,48413957,23665729,C(=C/[O-])\C=O.[Na+],Active
847,48414286,6518,C(C(CO[N+](=O)[O-])(CO[N+](=O)[O-])CO[N+](=O)[O-])O[N+](=O)[O-],Inactive
848,48413963,135531505,CC1=CC2=C(NC3=CC=CC=C32)[NH+]=C1N.CC(=O)[O-],Active
849,48413965,62275,CC1=CN=C2C=CC3=C(C2=N1)N=C(N3C)N,Active
850,48414291,5284439,C1CCC(CC1)C(CC2CCCCN2)C3CCCCC3.C(=C\C(=O)O)\C(=O)O,Inactive
851,48413968,460612,C1=CC(=CC=C1C[C@@H](C(=O)O)N)N(CCCl)CCCl,Active
852,48413998,15413,CC(C)(C)OC,Active
853,48414002,30602,CC(C)(C(=O)OC)OC1=CC=C(C=C1)C2=CC=C(C=C2)Cl,Active
854,48414006,12962,CN(C=O)N,Active
855,48414012,135436526,CN(C(=N)N[N+](=O)[O-])N=O,Active
856,48414298,13266,C1=CC=C(C=C1)CCN=C(N)N=C(N)N.Cl,Inactive
857,48414013,31426,CC1=C(C2=C(C=C1)C(=O)C3=CC=CC=C3C2=O)[N+](=O)[O-],Active
858,48414031,7543,C1=CC(=C(C=C1CC2=CC(=C(C=C2)N)Cl)Cl)N,Active
859,48414301,996,C1=CC=C(C=C1)O,Inactive
860,48414034,6344,C(Cl)Cl,Active
861,48414303,7108,C1=CC=C2C(=C1)NC3=CC=CC=C3S2,Inactive
862,48414035,7567,CN(C)C1=CC=C(C=C1)CC2=CC=C(C=C2)N(C)C,Active
863,48414306,7673,C1=CC=C(C=C1)N=C=S,Inactive
864,48414307,4021,CC1=NN(C(=O)C1)C2=CC=CC=C2,Inactive
865,48414308,8679,C1=CC=C(C=C1)NC2=CC3=CC=CC=C3C=C2,Inactive
866,48414309,75146,C1=CC=C(C=C1)NC2=CC=C(C=C2)N.Cl,Inactive
867,48414037,26108,C1=CC(=CC=C1CC2=CC=C(C=C2)N)N.Cl.Cl,Active
868,48414311,5284442,C1=CC=C(C=C1)/C(=C\CCCCC(=O)O)/C2=CN=CC=C2,Inactive
869,48414312,676454,C1=CC=C(C=C1)NC(=S)N,Inactive
870,48414039,7127,COC1=C(C=C(C=C1)CC=C)OC,Active
871,48414042,6061,CNN,Active
872,48414315,7935,C1=CC(=CC(=C1)N)N,Inactive
873,48414316,7814,C1=CC(=CC=C1N)N,Inactive
874,48414317,10941,C1=CC(=CC(=C1)N)N.Cl.Cl,Inactive
875,48414045,12749,CC1=NC=CN1,Active
876,48414319,12205,C1=CC(=CC=C1N)N.Cl.Cl,Inactive
877,48414320,5284443,CNC[C@@H](C1=CC(=CC=C1)O)O.Cl,Inactive
878,48414062,4173,CC1=NC=C(N1CCO)[N+](=O)[O-],Active
879,48414064,7031,CN(C)C1=CC=C(C=C1)C(=O)C2=CC=C(C=C2)N(C)C,Active
880,48414065,16945,C12(C3(C4(C5(C3(C(C1(C5(C2(C4(Cl)Cl)Cl)Cl)Cl)(Cl)Cl)Cl)Cl)Cl)Cl)Cl,Active
881,48414327,5284445,CC(CC1=CC=CC=C1)NN.Cl,Inactive
882,48414328,16682730,CC(=O)O[Hg]C1=CC=CC=C1,Inactive
883,48414330,7103,C1=CC=C(C=C1)C2=CC=C(C=C2)O,Inactive
884,48414084,931,C1=CC=C2C=CC=CC2=C1,Active
885,48414087,16720,C1=CC2=C(C=CC=C2N)C(=C1)N,Active
886,48414335,3032604,CCN(CC)C(=O)/C(=C(\C)/OP(=O)(OC)OC)/Cl,Inactive
887,48414336,24404,P,Inactive
888,48414337,6956,C1=CC=C(C(=C1)C(=O)N)C(=O)N,Inactive
889,48414338,6811,C1=CC=C2C(=C1)C(=O)OC2=O,Inactive
890,48414339,15965,C1(=C(C(=NC(=C1Cl)Cl)C(=O)O)Cl)N,Inactive
891,48414340,151324,CC(CN(C)C1=NN=C(C=C1)NN)O.Cl.Cl,Inactive
892,48414341,5910,CC[C@H]1[C@H](COC1=O)CC2=CN=CN2C,Inactive
893,48414342,5284447,C[C@@H]1C/C=C/C=C/C=C/C=C/[C@@H](C[C@H]2[C@@H]([C@H](C[C@](O2)(C[C@H](C[C@@H]3[C@H](O3)/C=C/C(=O)O1)O)O)O)C(=O)O)O[C@H]4[C@H]([C@H]([C@@H]([C@H](O4)C)O)N)O,Inactive
894,48414343,4837,C1CNCCN1,Inactive
895,48414344,8082,C1CCNCC1,Inactive
896,48414092,7057,C1=CC=C2C=C(C=CC2=C1)N,Active
897,48414346,5794,CCCCOCCOCCOCC1=CC2=C(C=C1CCC)OCO2,Inactive
898,48414348,65501,C[C@@H]1CCC[C@@H](N1CCCC(C2=CC=CC=C2)(C3=CC=CC=N3)O)C.Cl,Inactive
899,48414107,8776,CCNC(=O)NC1=NC=C(S1)[N+](=O)[O-],Active
900,48414351,,,Inactive
901,48414110,8758,C(C(=O)O)N(CC(=O)O)CC(=O)O,Active
902,48414354,,,Inactive
903,48414355,24773,CCCCCCCCCC1=CC=C(C=C1)OCCOCCO,Inactive
904,48414356,5284448,CCCCCCCC/C=C/CCCCCCCC(=O)OCCOCC(C1C(CC(O1)OCCO)OCCO)OCCO,Inactive
905,48414357,24772,C=CC1=CC=CC=[N+]1[O-],Inactive
906,48414114,7447,COC1=C(C=C(C=C1)[N+](=O)[O-])N,Active
907,48414359,4873,[Cl-].[K+],Inactive
908,48414118,156324,C1=CC2=NC=C(N2C=C1)C3=CC=C(O3)[N+](=O)[O-],Active
909,48414361,4883,CC(C)NCC(COC1=CC=C(C=C1)NC(=O)C)O,Inactive
910,48414362,11979774,C1=CC=C(C=C1)CCCCOC2=CC=C(C=C2)C(=O)NC3=CC=CC4=C3OC(=CC4=O)C5=NNN=N5.C1=CC=C(C=C1)CCCCOC2=CC=C(C=C2)C(=O)NC3=CC=CC4=C3OC(=CC4=O)C5=NNN=N5.O,Inactive
911,48414363,4890,C1CC1CN2C(=O)CN=C(C3=C2C=CC(=C3)Cl)C4=CC=CC=C4,Inactive
912,48414364,4891,C1CCC(CC1)C(=O)N2CC3C4=CC=CC=C4CCN3C(=O)C2,Inactive
913,48414367,5865,C[C@]12CC(=O)[C@H]3[C@H]([C@@H]1CC[C@@]2(C(=O)CO)O)CCC4=CC(=O)C=C[C@]34C,Inactive
914,48414368,23676225,C[C@]12CC[C@H]3C(=CCC4=C3C=CC(=C4)OS(=O)(=O)[O-])[C@@H]1CCC2=O.[Na+],Inactive
915,48414369,176173,CC1=CC=CC=C1OCC(CNCCN2C=C(C(=O)NC2=O)C)O.Cl,Inactive
916,48414123,10753,CC(=O)NC1=NC(=CS1)C2=CC=C(O2)[N+](=O)[O-],Active
917,48414124,32486,C1=C(OC(=C1)[N+](=O)[O-])C2=CSC(=N2)NC=O,Active
918,48414375,6014,CC(CN1C2=CC=CC=C2SC3=CC=CC=C31)N(C)C.Cl,Inactive
919,48414376,4930,CC(C)NCC(C1=CC2=CC=CC=C2C=C1)O,Inactive
920,48414377,60975,CC(C)NCC(C1=CC2=CC=CC=C2C=C1)O.Cl,Inactive
921,48414131,11769,C1CC2=CC=C(C3=CC=CC1=C23)[N+](=O)[O-],Active
922,48414379,4937,CC(C)NC1=NC(=NC(=N1)Cl)NC(C)C,Inactive
923,48414133,7048,COC1=CC=CC=C1[N+](=O)[O-],Active
924,48414381,62882,CC(C)NCC(COC1=CC=CC2=CC=CC=C21)O.Cl,Inactive
925,48414382,14215,CCCCN(CC)C(=O)SCCC,Inactive
926,48414135,7416,C1=CC=C(C=C1)[N+](=O)[O-],Active
927,48414384,4947,CCCOC(=O)C1=CC(=C(C(=C1)O)O)O,Inactive
928,48414385,6750,CCCOC(=O)C1C(CC2=CC3=C(C=C2C1C(=O)OCCC)OCO3)C,Inactive
929,48414141,15787,C1=CC(=CC=C1[N+](=O)[O-])OC2=C(C=C(C=C2)Cl)Cl,Active
930,48414388,8252,CC=C,Inactive
931,48414389,1030,CC(CO)O,Inactive
932,48414143,6604200,C1C(=O)NC(=O)N1/N=C/C2=CC=C(O2)[N+](=O)[O-],Active
933,48414148,6375,C[N+](=O)[O-],Active
934,48414184,150692,CC1CN(CC(N1C)C)N=O,Active
935,48414199,5921,CCN(CC)N=O,Active
936,48414394,31508,CC1=CC2=C(C=C1)C(=NC(=O)N2C(C)C)C3=CC=CC=C3,Inactive
937,48414399,1046,C1=CN=C(C=N1)C(=O)N,Inactive
938,48414200,6124,CN(C)N=O,Active
939,48414228,6046,C1COCCN1N=O,Active
940,48414402,4993,CCC1=C(C(=NC(=N1)N)N)C2=CC=C(C=C2)Cl,Inactive
941,48414229,27919,C1CC(N(C1)N=O)C2=CN=CC=C2,Active
942,48414404,5284452,C1=CC(=C(C=C1C2=C(C(=O)C3=C(C=C(C=C3O2)O)O)O)O)O.O.O,Inactive
943,48414405,,,Inactive
944,48414406,54891,CCOC(=O)[C@H](CCC1=CC=CC=C1)N[C@@H](C)C(=O)N2CC3=CC=CC=C3C[C@H]2C(=O)O.Cl,Inactive
945,48414408,107999,CN1C=C(C2=CC=CC=C21)C(=O)[C@@H]3CCC4=C(C3)NC=N4.Cl,Inactive
946,48414233,7526,C1CCN(CC1)N=O,Active
947,48414410,19118,C1=CC=C2C(=C1)C(=CC=C2S(=O)(=O)[O-])N=NC3=C(C4=CC=CC=C4C(=C3)S(=O)(=O)[O-])O.[Na+].[Na+],Inactive
948,48414235,13591,C1CCN(C1)N=O,Active
949,48414412,22979,COC1=C(C=C(C=C1)[N+](=O)[O-])N=NC2=C(C(=CC3=CC=CC=C32)C(=O)NC4=CC(=CC=C4)[N+](=O)[O-])O,Inactive
950,48414239,6944,CC1=CC=CC=C1[N+](=O)[O-],Active
951,48414248,442530,C[C@@H]1CC2=C(C=C(C(=C2C(=O)O1)O)C(=O)N[C@@H](CC3=CC=CC=C3)C(=O)O)Cl,Active
952,48414415,135487615,C1=CC=C2C(=C1)C=CC(=C2N=NC3=C(C4=CC=CC=C4C=C3)S(=O)(=O)[O-])O.[Na+],Inactive
953,48414270,7579,C1=CC(=CC=C1N)OC2=CC=C(C=C2)N,Active
954,48414418,27872,C1=CC=C(C(=C1)C2=C3C=C(C(=O)C(=C3OC4=C(C(=C(C=C24)I)[O-])I)I)I)C(=O)[O-].[Na+].[Na+],Inactive
955,48414420,62500,CCN(CC)C1=CC2=C(C=C1C)C(=C3C=C(C(=[N+](CC)CC)C=C3O2)C)C4=C(C=C(C=C4)S(=O)(=O)[O-])S(=O)(=O)[O-].[Na+],Inactive
956,48414421,3465817,C1=CC(=C(C=C1N)[N+](=O)[O-])NCCO,Inactive
957,48414285,992,C1(=C(C(=C(C(=C1Cl)Cl)Cl)Cl)Cl)O,Active
958,48414423,5054,C1=CC(=CC(=C1)O)O,Inactive
959,48414424,444795,CC1=C(C(CCC1)(C)C)/C=C/C(=C/C=C/C(=C/C(=O)O)/C)/C,Inactive
960,48414293,4754,CCOC1=CC=C(C=C1)NC(=O)C,Active
961,48414426,5280531,CCCCCCCCCCCCCCCC(=O)OC/C=C(\C)/C=C/C=C(\C)/C=C/C1=C(CCCC1(C)C)C,Inactive
962,48414428,235227,CCNC1=CC2=C(C=C1C)C(=C3C=C(C(=NCC)C=C3O2)C)C4=CC=CC=C4C(=O)OCC.Cl,Inactive
963,48414295,8691,C1=CC=C(C=C1)N=NC2=C(N=C(C=C2)N)N.Cl,Active
964,48414296,266461,C[C@H](CCCC(C)C)[C@H]1CC[C@@H]2[C@@]1(CC[C@H]3[C@H]2CC=C4[C@@]3(CC[C@@H](C4)OC(=O)CC5=CC=C(C=C5)N(CCCl)CCCl)C)C,Active
965,48414432,12447,CC1=CC(=C(C2=CC=C(C=C2)N)C3=CC=C(C=C3)N)C=CC1=N.Cl,Inactive
966,48414302,4764,C1=CC=C2C(=C1)C(=O)OC2(C3=CC=C(C=C3)O)C4=CC=C(C=C4)O,Active
967,48414434,6758,CC(=C)[C@H]1CC2=C(O1)C=CC3=C2O[C@@H]4COC5=CC(=C(C=C5[C@@H]4C3=O)OC)OC,Inactive
968,48414435,5284453,C[C@H]1[C@@H]([C@H]([C@H]([C@@H](O1)OC[C@@H]2[C@H]([C@@H]([C@H]([C@@H](O2)OC3=C(OC4=CC(=CC(=C4C3=O)O)O)C5=CC(=C(C=C5)O)O)O)O)O)O)O)O.OS(=O)(=O)O,Inactive
969,48414436,5280805,C[C@H]1[C@@H]([C@H]([C@H]([C@@H](O1)OC[C@@H]2[C@H]([C@@H]([C@H]([C@@H](O2)OC3=C(OC4=CC(=CC(=C4C3=O)O)O)C5=CC(=C(C=C5)O)O)O)O)O)O)O)O,Inactive
970,48414437,5143,C1=CC=C2C(=C1)C(=O)NS2(=O)=O,Inactive
971,48414310,3331,C1=CC=C(C=C1)C(COC(=O)N)COC(=O)N,Active
972,48414314,4781,CCCCC1C(=O)N(N(C1=O)C2=CC=CC=C2)C3=CC=CC=C3,Active
973,48414444,24860541,CN1[C@@H]2CC(C[C@H]1[C@H]3[C@@H]2O3)OC(=O)[C@@H](CO)C4=CC=CC=C4.O.O.O.Br,Inactive
974,48414448,8951,CN(C)C(=S)S[Se](SC(=S)N(C)C)(SC(=S)N(C)C)SC(=S)N(C)C,Inactive
975,48414333,5284446,CN1C2=C(N=CC(=C2)C3=CC=CC=C3)N=C1N.Cl,Active
976,48414452,63009,CN[C@H]1CC[C@H](C2=CC=CC=C12)C3=CC(=C(C=C3)Cl)Cl.Cl,Inactive
977,48414373,9703,CC(C)NC(=O)C1=CC=C(C=C1)CNNC.Cl,Active
978,48414454,5216,CCNC1=NC(=NC(=N1)Cl)NCC,Inactive
979,48414455,516892,C(=O)(O)[O-].[Na+],Inactive
980,48414456,22882,C1=C(C=C(C(=C1SC2=C(C(=CC(=C2)Cl)Cl)[O-])[O-])Cl)Cl.[Na+].[Na+],Inactive
981,48414457,5234,[Na+].[Cl-],Inactive
982,48414458,23668197,[O-]Cl=O.[Na+],Inactive
983,48414459,9875143,CCC1=C(C2=CC3=NC(=CC4=NC(=C(C5=NC(=C(C5=C([O-])[O-])C)C=C1[N-]2)CC(=O)[O-])[C@H]([C@@H]4C)CCC(=O)[O-])C(=C3C=C)C)C.[Na+].[Na+].[Na+].[Cu+2],Inactive
984,48414460,517546,CCN(CC)C(=S)[S-].O.O.O.[Na+],Inactive
985,48414461,23665760,[O-]Cl.[Na+],Inactive
986,48414462,16133893,[O-]P(=O)=O.[Na+],Inactive
987,48414463,643460,C/C=C/C=C/C(=O)O,Inactive
988,48414464,66245,CC(C)NCC(C1=CC=C(C=C1)NS(=O)(=O)C)O.Cl,Inactive
989,48414465,,,Inactive
990,48414391,6378,CC1CO1,Active
991,48414467,442089,C[C@@]12CCC[C@@]([C@H]1CC[C@]34[C@H]2CC[C@](C3)(C(=C)C4)O[C@H]5[C@@H]([C@H]([C@@H]([C@H](O5)CO)O)O)O[C@H]6[C@@H]([C@H]([C@@H]([C@H](O6)CO)O)O)O)(C)C(=O)O[C@H]7[C@@H]([C@H]([C@@H]([C@H](O7)CO)O)O)O,Inactive
992,48414468,,,Inactive
993,48414393,657298,CCCC1=CC(=O)NC(=S)N1,Active
994,48414400,1049,C1=CC=NC=C1,Active
995,48414411,17047,CC1=CC(=C(C=C1)N=NC2=C(C=CC3=CC=CC=C32)O)[N+](=O)[O-],Active
996,48414472,5284459,C1=CC=C(C=C1)/C=C/[N+](=O)[O-],Inactive
997,48414422,5770,CO[C@H]1[C@@H](C[C@@H]2CN3CCC4=C([C@H]3C[C@@H]2[C@@H]1C(=O)OC)NC5=C4C=CC(=C5)OC)OC(=O)C6=CC(=C(C(=C6)OC)OC)OC,Active
998,48414474,7922,C1CC(=O)OC1=O,Inactive
999,48414475,71485,C([C@@H]1[C@@H]([C@@H]([C@H]([C@H](O1)O[C@]2([C@H]([C@@H]([C@H](O2)CCl)O)O)CCl)O)O)Cl)O,Inactive
1000,48414476,5988,C([C@@H]1[C@H]([C@@H]([C@H]([C@H](O1)O[C@]2([C@H]([C@@H]([C@H](O2)CO)O)O)CO)O)O)O)O,Inactive
1001,48414477,31339,CC(C)C(=O)OC[C@@H]1[C@H]([C@@H]([C@](O1)(COC(=O)C)O[C@@H]2[C@@H]([C@H]([C@@H]([C@H](O2)COC(=O)C)OC(=O)C(C)C)OC(=O)C(C)C)OC(=O)C(C)C)OC(=O)C(C)C)OC(=O)C(C)C,Inactive
1002,48414429,5281744,C/C=C\1/CC(=C)[C@@](C(=O)OCC2=CCN3[C@H]2[C@@H](CC3)OC1=O)(CO)O,Active
1003,48414433,11292,C1=CC(=N)C=CC1=C(C2=CC=C(C=C2)N)C3=CC=C(C=C3)N.Cl,Active
1004,48414481,5344,CC1=C(ON=C1C)NS(=O)(=O)C2=CC=C(C=C2)N,Inactive
1005,48414482,28019,[O-]S(=O)S(=O)(=O)[O-].[K+].[K+],Inactive
1006,48414483,6498,C1C=CCS1(=O)=O,Inactive
1007,48414486,5362,CCCCC1(C(=O)N(N(C1=O)C2=CC=CC=C2)C3=CC=CC=C3)COC(=O)CCC(=O)O,Inactive
1008,48414442,5339,C1=CC=NC(=C1)NS(=O)(=O)C2=CC=C(C=C2)N=NC3=CC(=C(C=C3)O)C(=O)O,Active
1009,48414450,24011,S=[Se],Active
1010,48414489,11289,COC1=CC=C(C=C1)C(=C(C2=CC=C(C=C2)OC)Cl)C3=CC=C(C=C3)OC,Inactive
1011,48414490,656609,CN1C(=O)C[C@H](NC1=O)C(=O)N[C@@H](CC2=CN=CN2)C(=O)N3CCC[C@H]3C(=O)N.O.O.O.O,Inactive
1012,48414466,5284457,COC1=C2C(=C3C4C=COC4OC3=C1)OC5=CC=CC(=C5C2=O)O,Active
1013,48414492,,,Inactive
1014,48414493,,,Inactive
1015,48414494,1123,C(CS(=O)(=O)O)N,Inactive
1016,48414495,5386,C1CC(OC1)N2C=C(C(=O)NC2=O)F,Inactive
1017,48414496,9271,C12C(C(OC1Cl)Cl)C3(C(=C(C2(C3(Cl)Cl)Cl)Cl)Cl)Cl,Inactive
1018,48414469,29327,CN(C(=O)N[C@@H]1[C@H]([C@@H]([C@H](O[C@@H]1O)CO)O)O)N=O,Active
1019,48414471,7501,C=CC1=CC=CC=C1,Active
1020,48414499,5391,CN1C2=C(C=C(C=C2)Cl)C(=NC(C1=O)O)C3=CC=CC=C3,Inactive
1021,48414478,7216,CCN(CC)C(=S)SCC(=C)Cl,Active
1022,48414502,17107,COC1=C(C(=C(C(=C1Cl)Cl)[N+](=O)[O-])Cl)Cl,Inactive
1023,48414503,27465,C1=C(C(=CC(=C1Cl)N)Cl)C2=CC(=C(C=C2Cl)N)Cl,Inactive
1024,48414491,2733525,CC/C(=C(\C1=CC=CC=C1)/C2=CC=C(C=C2)OCCN(C)C)/C3=CC=CC=C3.C(C(=O)O)C(CC(=O)O)(C(=O)O)O,Active
1025,48414505,8305,C1=CC(=CC=C1S(=O)(=O)C2=CC(=C(C=C2Cl)Cl)Cl)Cl,Inactive
1026,48414497,24726,C(/C=C/Cl)Cl,Active
1027,48414504,15625,C1=C2C(=CC(=C1Cl)Cl)OC3=CC(=C(C=C3O2)Cl)Cl,Active
1028,48414508,31373,C(=C(Cl)Cl)(Cl)Cl,Active
1029,48414510,54704426,C[C@@]1([C@H]2C[C@H]3[C@@H](C(=O)C(=C([C@]3(C(=O)C2=C(C4=C1C=CC=C4O)O)O)O)C(=O)N)N(C)C)O.Cl,Inactive
1030,48414511,3117,CCN(CC)C(=S)SSC(=S)N(CC)CC,Inactive
1031,48414514,8301,C(=C(F)F)(F)F,Active
1032,48414516,16078,CCCCCC1=CC(=C2[C@@H]3C=C(CC[C@H]3C(OC2=C1)(C)C)C)O,Inactive
1033,48414517,8028,C1CCOC1,Active
1034,48414519,31298,C(O)[P+](CO)(CO)CO.[Cl-],Inactive
1035,48414520,41478,C(O)[P+](CO)(CO)CO.C(O)[P+](CO)(CO)CO.[O-]S(=O)(=O)[O-],Inactive
1036,48414521,5455,CN(C)C(=S)SSC(=S)N(C)C,Inactive
1037,48414522,7347,CN(C)C(=S)SC(=S)N(C)C,Inactive
1038,48414528,5453,C1CN1P(=S)(N2CC2)N3CC3,Active
1039,48414524,7066,CN(C)CCN(CC1=CSC=C1)C2=CC=CC=N2,Inactive
1040,48414525,2153,CN1C2=C(C(=O)N(C1=O)C)NC=N2,Inactive
1041,48414526,5430,C1=CC=C2C(=C1)NC(=N2)C3=CSC=N3,Inactive
1042,48414527,27200,CS(=O)(=O)C1=CC=C(C=C1)[C@H]([C@@H](CO)NC(=O)C(Cl)Cl)O,Inactive
1043,48414533,8765,C1=CC(=CC=C1N)SC2=CC=C(C=C2)N,Active
1044,48414536,1269845,C1=CNC(=S)NC1=O,Active
1045,48414530,7308,CC1=CC(=C(C=C1SC2=CC(=C(C=C2C)O)C(C)(C)C)C(C)(C)C)O,Inactive
1046,48414531,2406,C1=C(C=C(C(=C1SC2=C(C(=CC(=C2)Cl)Cl)O)O)Cl)Cl,Inactive
1047,48414532,516871,C(#N)[S-].[Na+],Inactive
1048,48414550,11443,CC1=C(C=C(C=C1)N=C=O)N=C=O,Active
1049,48414535,2723789,C(=S)(N)NN,Inactive
1050,48414553,12484,CC1=CC=CC=C1N.Cl,Active
1051,48414538,5284464,CCOC(=O)[C@@]1(CCC=C[C@H]1N(C)C)C2=CC=CC=C2.C(=C/C(=O)O)\C(=O)O,Inactive
1052,48414539,5284465,CC(C)(C)NCC(COC1=CN(C(=O)C2=CC=CC=C21)C)O.Cl,Inactive
1053,48414540,5284466,[Cl-].[Cl-].[Sn+2],Inactive
1054,48414541,26042,O=[Ti]=O,Inactive
1055,48414542,5284467,C(=O)(C(=O)[O-])O.C(=O)(C(=O)[O-])O.O=[Ti].[K+].[K+],Inactive
1056,48414543,5284468,C1C=CC=[C-]1.C1C=CC=[C-]1.[Cl-].[Cl-].[Ti+4],Inactive
1057,48414545,2117,CC1=C(C(=C(C2=C1OC(CC2)(C)CCCC(C)CCCC(C)CCCC(C)C)C)OC(=O)C)C,Inactive
1058,48414547,5503,CC1=CC=C(C=C1)S(=O)(=O)NC(=O)NN2CCCCCC2,Inactive
1059,48414548,5505,CCCCNC(=O)NS(=O)(=O)C1=CC=C(C=C1)C,Inactive
1060,48414564,31357,CCCCOP(=O)(OCCCC)OCCCC,Active
1061,48414572,6575,C(=C(Cl)Cl)Cl,Active
1062,48414576,6914,C1=C(C=C(C(=C1Cl)O)Cl)Cl,Active
1063,48414580,7285,C(C(CCl)Cl)Cl,Active
1064,48414556,3005572,CN(C)CCOC1=CC=C(C=C1)/C(=C(/CCCl)\C2=CC=CC=C2)/C3=CC=CC=C3.C(C(=O)O)C(CC(=O)O)(C(=O)O)O,Inactive
1065,48414588,8717,CC1=CC(=C(C=C1C)N)C,Active
1066,48414558,,,Inactive
1067,48414589,5284470,CC1=CC(=C(C=C1C)N)C.Cl,Active
1068,48414590,5284471,CC1=CC(=C(C(=C1)C)N)C.Cl,Active
1069,48414601,8295,C(CCl)OP(=O)(OCCCl)OCCCl,Active
1070,48414566,22875,C1=C(C(=C(C(=C1[N+](=O)[O-])Cl)Cl)Cl)[N+](=O)[O-],Inactive
1071,48414567,6428,C(C(F)(Cl)Cl)(F)(F)Cl,Inactive
1072,48414603,31356,C(C(CBr)Br)OP(=O)(OCC(CBr)Br)OCC(CBr)Br,Active
1073,48414609,5284475,CC1=C2C3=CC=CC=C3NC2=CC(=N1)N.CC(=O)O,Active
1074,48414619,5641,CCOC(=O)N,Active
1075,48414571,6278,CC(Cl)(Cl)Cl,Inactive
1076,48414623,7904,CC(=O)OC=C,Active
1077,48414626,6338,C=CCl,Active
1078,48414574,6389,C(F)(Cl)(Cl)Cl,Inactive
1079,48414627,6339,C=CF,Active
1080,48414642,94546,CC1=CC(=C(C=C1)C)N.Cl,Active
1081,48414577,7158,CC(C(=O)O)OC1=CC(=C(C=C1Cl)Cl)Cl,Inactive
1082,48414578,1480,C1=C(C(=CC(=C1Cl)Cl)Cl)OCC(=O)O,Inactive
1083,48413163,14421,COC1=C2C3=C(C(=O)OCC3)C(=O)OC2=C4C5C=COC5OC4=C1,Active
1084,48414581,6529,CC1=CC=C(C=C1)OP(=O)(OC2=CC=C(C=C2)C)OC3=CC=C(C=C3)C,Inactive
1085,48413187,38052,C1=C(OC(=C1)[N+](=O)[O-])C2=CSC(=N2)N,Active
1086,48413267,7111,C1=CC(=CC=C1C2=CC=C(C=C2)N)N,Active
1087,48413431,5284363,C1=CC(=CC=C1N)Cl.Cl,Active
1088,48414587,2449,CC1=C(C(=O)C(=C(C1=O)C)C(CCCCCC(=O)O)C2=CC=CC=C2)C,Inactive
1089,48413465,2950,C1=CC2=C(C(=C1)O)C(=O)C3=C(C2=O)C=CC=C3O,Active
1090,48413630,5377410,COC1=CC(=C(C=C1)OC)/C=C/C2=CC=C(C=C2)N,Active
1091,48413803,7361,C1=COC(=C1)CO,Active
1092,48413863,93098,C1=CC(=CC=C1C2=CSC(=N2)NN)N,Active
1093,48414596,7434,C1=C(C=C(C=C1[N+](=O)[O-])[N+](=O)[O-])[N+](=O)[O-],Inactive
1094,48413864,4021704,C1=C(OC(=C1)[N+](=O)[O-])C2=CSC(=N2)NN,Active
1095,48414598,16682804,CC(=O)O[Sn](C1=CC=CC=C1)(C2=CC=CC=C2)C3=CC=CC=C3,Inactive
1096,48414599,6327657,C1=CC=C(C=C1)[Sn](C2=CC=CC=C2)C3=CC=CC=C3.O,Inactive
1097,48414600,5284472,CC1=CC=C(C=C1)/C(=C\CN2CCCC2)/C3=CC=CC=N3.O.Cl,Inactive
1098,48413865,4373502,C1=CC(=CC=C1C2=CSC(=N2)NN)[N+](=O)[O-],Active
1099,48413892,30623,CC(CN1CC(=O)NC(=O)C1)N2CC(=O)NC(=O)C2,Active
1100,48414115,5447130,C1=C(OC(=C1)[N+](=O)[O-])/C=N/NC(=O)N,Active
1101,48414121,17405,CC(=O)NC1=NN=C(S1)C2=CC=C(O2)[N+](=O)[O-],Active
1102,48414161,150285,CC(CN(CC(CO)O)N=O)O,Active
1103,48414611,6305,C1=CC=C2C(=C1)C(=CN2)C[C@@H](C(=O)O)N,Inactive
1104,48414612,26052,[O-][W](=O)(=O)[O-].[Na+].[Na+],Inactive
1105,48414614,969516,COC1=C(C=CC(=C1)/C=C/C(=O)CC(=O)/C=C/C2=CC(=C(C=C2)O)OC)O,Inactive
1106,48414615,5284477,CC[C@@H]1C(/C=C(/C=C/C(=O)[C@@H](C[C@@H]([C@@H]([C@H]([C@@H](CC(=O)O1)O)C)O[C@H]2[C@@H]([C@H]([C@@H]([C@H](O2)C)O[C@H]3C[C@@]([C@H]([C@@H](O3)C)O)(C)O)N(C)C)O)CC=O)C)\C)CO[C@H]4[C@@H]([C@@H]([C@@H]([C@H](O4)C)O)OC)OC.CC(C(=O)O)O,Inactive
1107,48414162,3792964,CC(=O)CN(CC(CO)O)N=O,Active
1108,48414617,5639,CN1C(=CC(=O)N(C1=O)C)NCCCN2CCN(CC2)C3=CC=CC=C3OC,Inactive
1109,48414618,1176,C(=O)(N)N,Inactive
1110,48414177,12699,CN(C(=O)N)N=O,Active
1111,48414620,34007,[O-]S(=O)(=O)[O-].O=[V+2],Inactive
1112,48414621,5455,CN(C)C(=S)SSC(=S)N(C)C,Inactive
1113,48414179,3794522,CC(=O)CN(CCO)N=O,Active
1114,48414187,124481,CC(=O)CN(CC=C)N=O,Active
1115,48414197,13542,CCCCN(CCCC)N=O,Active
1116,48414203,12130,CCCN(CCC)N=O,Active
1117,48414216,128823,CN(CC(CO)O)N=O,Active
1118,48414628,7529,CC1=CC(=CC=C1)C=C,Inactive
1119,48414246,5832,CC(=O)O[C@]1(CC[C@@H]2[C@@]1(CC[C@H]3[C@H]2CCC4=CC(=O)CC[C@H]34)C)C#C,Active
1120,48414631,6369,C=C(F)F,Inactive
1121,48414280,15767,COC1=C(C(=C(C(=C1Cl)Cl)Cl)Cl)Cl,Active
1122,48414498,24726,C(/C=C/Cl)Cl,Active
1123,48414634,444020,C1[C@@H]([C@@H]([C@H]([C@@H]([C@]1(CO)O)O)O)O)NC(CO)CO,Inactive
1124,48414635,154437,CC1=C(C(C(=C(N1)C)C(=O)OCCC2=CC=C(C=C2)N3CCN(CC3)C(C4=CC=CC=C4)C5=CC=CC=C5)C6=CC(=CC=C6)[N+](=O)[O-])C(=O)OC.Cl.Cl,Inactive
1125,48414636,,,Inactive
1126,48414637,146255,CC1=C(C(=CC=C1)OCC(CNC(C)(C)C)O)C.Cl,Inactive
1127,48414501,23892,C1=CC(=C(C=C1C2=CC(=C(C=C2)N)N)N)N.Cl.Cl.Cl.Cl,Active
1128,48414640,7929,CC1=CC(=CC=C1)C,Inactive
1129,48414584,39078,C1=C(OC(=C1)[N+](=O)[O-])C2=CSC(=N2)NC(=O)C(F)(F)F,Active
1130,48414672,5459896,C/[N+](=N/CO[C@H]1[C@@H]([C@H]([C@@H]([C@H](O1)CO)O)O)O)/[O-],Active
1131,48414644,186342,CC(=O)C(C(=O)NC1=CC=CC=C1)N=NC2=C(C=C(C=C2)C3=CC(=C(C=C3)N=NC(C(=O)C)C(=O)NC4=CC=CC=C4)Cl)Cl,Inactive
1132,48414645,22288,CC1=C(C=CC(=C1)C2=CC(=C(C=C2)NC(=O)C(C(=O)C)N=NC3=C(C=C(C=C3)Cl)Cl)C)NC(=O)C(C(=O)C)N=NC4=C(C=C(C=C4)Cl)Cl,Inactive
1133,48414646,21733,CC(=O)C(C(=O)NC1=CC(=C(C=C1OC)Cl)OC)N=NC2=C(C=C(C=C2)C3=CC(=C(C=C3)N=NC(C(=O)C)C(=O)NC4=CC(=C(C=C4OC)Cl)OC)Cl)Cl,Inactive
1134,48414648,16013,C1=CC(=CC=C1N=NC2=C(NN(C2=O)C3=CC=C(C=C3)S(=O)(=O)[O-])C(=O)[O-])S(=O)(=O)[O-].[Na+].[Na+].[Na+],Inactive
1135,48414649,17730,C1=CC(=CC=C1N=NC2=C(C=CC3=C2C=CC(=C3)S(=O)(=O)[O-])O)S(=O)(=O)[O-].[Na+].[Na+],Inactive
1136,48414650,5281233,C/C(=C\C=C\C=C(\C=C\C=C(\C(=O)O[C@@H]1O[C@@H]([C@H]([C@@H]([C@H]1O)O)O)CO[C@@H]2O[C@@H]([C@H]([C@@H]([C@H]2O)O)O)CO)/C)/C)/C=C/C=C(/C(=O)O[C@@H]3O[C@@H]([C@H]([C@@H]([C@H]3O)O)O)CO[C@@H]4O[C@@H]([C@H]([C@@H]([C@H]4O)O)O)CO)\C,Inactive
1137,48414651,62158,C1=CC(=C(C=C1[N+](=O)[O-])OCCO)NCCO,Inactive
1138,48414652,24860542,CC1(CC2=C(O1)C(=CC(=C2)Cl)C(=O)NC3C[C@H]4CCC(C3)N4C)C.C(=C\C(=O)O)\C(=O)O,Inactive
1139,48413224,8809,CC(COC1=CC=C(C=C1)C(C)(C)C)OS(=O)OCCCl,Active
1140,48414655,5284483,CCCCN(CCCC)C(=S)[S-].CCCCN(CCCC)C(=S)[S-].[Zn+2],Inactive
1141,48414656,26633,CCN(CC)C(=S)[S-].CCN(CC)C(=S)[S-].[Zn+2],Inactive
1142,48413256,35370,CC1=CN(C(=O)NC1=O)[C@H]2C[C@@H]([C@H](O2)CO)N=[N+]=[N-],Active
1143,48414660,5284485,[B-](F)(F)(F)F.C1=CC=C(C=C1)[N+]#N,Inactive
1144,48413425,5694,CC1=C(C(=CC=C1)NC2=CC(=NC(=N2)SCC(=O)O)Cl)C,Active
1145,48413442,7864,COCCl,Active
1146,48413841,727,C1(C(C(C(C(C1Cl)Cl)Cl)Cl)Cl)Cl,Active
1147,48414038,5324275,CC/C(=N/O)/C,Active
1148,48414126,5284432,CC/C=C(/CC)\[N+](=O)[O-],Active
1149,48414669,4343483,[B-](F)(F)(F)F.[Na+],Inactive
1150,48414670,9352,CC(=O)NC1=CC2=C(C=C1)C3=C(C2)C=C(C=C3)NC(=O)C,Inactive
1151,48414671,31703,C[C@H]1[C@H]([C@H](C[C@@H](O1)O[C@H]2C[C@@](CC3=C2C(=C4C(=C3O)C(=O)C5=C(C4=O)C(=CC=C5)OC)O)(C(=O)CO)O)N)O,Inactive
1152,48414202,9074,C1=CC=C(C=C1)NC2=CC=C(C=C2)N=O,Active
